,תאריך הדיווח,30/03/2017,,,,,,,,,,,,,,,,,,,,,,,,,,,,,,,,,,,,,,,,,,,,,,,,,,,,,,,,,,,,,,
,החברה המדווחת,,,,,,,,,,,,,,,,,,,,,,,,,,,,,,,,,,,,,,,,,,,,,,,,,,,,,,,,,,,,,,,
,שם מסלול/קרן/קופה,303יל השתלמות כללי,,,,,,,,,,,,,,,,,,,,,,,,,,,,,,,,,,,,,,,,,,,,,,,,,,,,,,,,,,,,,,
,מספר מסלול/קרן/קופה,1162,,,,,,,,,,,,,,,,,,,,,,,,,,,,,,,,,,,,,,,,,,,,,,,,,,,,,,,,,,,,,,
,קוד קופת הגמל,513611509-00000000001038-1162-000,,,,,,,,,,,,,,,,,,,,,,,,,,,,,,,,,,,,,,,,,,,,,,,,,,,,,,,,,,,,,,
,1.ב. ניירות ערך סחירים,,,,,,,,,,,,,,,,,,,,,,,,,,,,,,,,,,,,,,,,,,,,,,,,,,,,,,,,,,,,,,,
,"3. אג""ח קונצרני",,,,,,,,,,,,,,,,,,,,,,,,,,,,,,,,,,,,,,,,,,,,,,,,,,,,,,,,,,,,,,,
,שם המנפיק/שם נייר ערך ,"מספר ני""ע",זירת מסחר,ספק מידע,מספר מנפיק,ענף מסחר,דירוג,שם מדרג,תאריך רכישה,"מח""מ",סוג מטבע,שיעור ריבית,תשואה לפידיון,ערך נקוב,שער,שווי שוק,שעור מערך נקוב מונפק,שעור מנכסי אפיק ההשקעה,שעור מסך נכסי השקעה,,,,,,,,,,,,,,,,,,,,,,,,,,,,,,,,,,,,,,,,,,,,,
,,,,,,,,,תאריך,שנים,,אחוזים,אחוזים,,אגורות,אלפי ₪,אחוזים,אחוזים,אחוזים,,,,,,,,,,,,,,,,,,,,,,,,,,,,,,,,,,,,,,,,,,,,,
,,(1),(2),(3),(4),(5),(6),(7),(8),(9),(10),(11),(12),(13),(14),(15),(16),(17),(18),,,,,,,,,,,,,,,,,,,,,,,,,,,,,,,,,,,,,,,,,,,,,
,"סה""כ אגרות חוב קונצרניות",,,,,,,,,3.92,,,0.91,"1,290,401,613.24",,"1,460,995.47",,100.00,13.22,,,,,,,,,,,,,,,,,,,,,,,,,,,,,,,,,,,,,,,,,,,,,
,"סה""כ בישראל",,,,,,,,,3.89,,,0.77,"1,261,338,913.24",,"1,353,367.38",,92.63,12.25,,,,,,,,,,,,,,,,,,,,,,,,,,,,,,,,,,,,,,,,,,,,,
,"סה""כ צמודות מדד",,,,,,,,,3.87,,,0.46,"811,260,831.36",,"882,144.17",,60.38,7.98,,,,,,,,,,,,,,,,,,,,,,,,,,,,,,,,,,,,,,,,,,,,,
,"חשמל אגח 25- חברת החשמל לישראל בע""מ",6000160,TASE,אחר,600,חיפושי נפט וגז,Aaa,מידרוג,10/07/12,0.27,שקל חדש,1.20,-0.49,"33,691,732.00",101.92,"34,338.61",3.37,2.35,0.31,,,,,,,,,,,,,,,,,,,,,,,,,,,,,,,,,,,,,,,,,,,,,
,"לאומי אגח 177- בנק לאומי לישראל בע""מ",6040315,TASE,אחר,604,בנקים,AAA,מעלות,21/07/15,3.22,שקל חדש,0.59,0.00,"4,634,910.00",99.31,"4,602.93",0.09,0.32,0.04,,,,,,,,,,,,,,,,,,,,,,,,,,,,,,,,,,,,,,,,,,,,,
,"מזרחי הנפ 44 2022 0.99%- מזרחי טפחות חברה להנפקות בע""מ",2310209,TASE,אחר,231,בנקים,AAA,מעלות,26/09/16,5.35,שקל חדש,0.99,0.01,"26,698,000.00",100.55,"26,844.84",0.89,1.84,0.24,,,,,,,,,,,,,,,,,,,,,,,,,,,,,,,,,,,,,,,,,,,,,
,"מזרחי טפ הנפק אגח 38- מזרחי טפחות חברה להנפקות בע""מ",2310142,TASE,אחר,231,בנקים,AAA,מעלות,11/09/14,2.43,שקל חדש,0.41,0.35,"1,203,756.00",98.68,"1,187.87",0.06,0.08,0.01,,,,,,,,,,,,,,,,,,,,,,,,,,,,,,,,,,,,,,,,,,,,,
,"מזרחי טפ הנפק אגח 39- מזרחי טפחות חברה להנפקות בע""מ",2310159,TASE,אחר,231,בנקים,AAA,מעלות,01/02/15,2.82,שקל חדש,0.64,0.01,"12,791,205.00",99.05,"12,669.69",0.41,0.87,0.11,,,,,,,,,,,,,,,,,,,,,,,,,,,,,,,,,,,,,,,,,,,,,
,"מזרחי טפחות הנפ ס 43- מזרחי טפחות חברה להנפקות בע""מ",2310191,TASE,אחר,231,בנקים,AAA,מעלות,15/03/16,4.00,שקל חדש,4.00,0.01,"7,409,246.00",116.50,"8,631.77",0.36,0.59,0.08,,,,,,,,,,,,,,,,,,,,,,,,,,,,,,,,,,,,,,,,,,,,,
,"מזרחי טפחות הנפקות 35- מזרחי טפחות חברה להנפקות בע""מ",2310118,TASE,אחר,231,בנקים,AAA,מעלות,23/01/12,1.79,שקל חדש,2.58,0.01,"20,128,479.00",105.96,"21,328.14",0.74,1.46,0.19,,,,,,,,,,,,,,,,,,,,,,,,,,,,,,,,,,,,,,,,,,,,,
,"מזרחי טפחות הנפקות 36- מזרחי טפחות חברה להנפקות בע""מ",2310126,TASE,אחר,231,בנקים,AAA,מעלות,03/09/13,0.42,שקל חדש,0.00,-2.62,"41,908,301.00",99.71,"41,786.77",2.28,2.86,0.38,,,,,,,,,,,,,,,,,,,,,,,,,,,,,,,,,,,,,,,,,,,,,
,"פועלים הנ אגח 33- הפועלים הנפקות בע""מ",1940568,TASE,אחר,194,בנקים,AAA,מעלות,16/09/14,2.42,שקל חדש,1.60,0.00,"3,757,473.00",102.09,"3,836.00",0.12,0.26,0.03,,,,,,,,,,,,,,,,,,,,,,,,,,,,,,,,,,,,,,,,,,,,,
,"פועלים הנפ אגח 32- הפועלים הנפקות בע""מ",1940535,TASE,אחר,194,בנקים,AAA,מעלות,10/08/11,4.81,שקל חדש,5.00,0.01,"65,879,985.00",124.44,"81,981.05",2.09,5.61,0.74,,,,,,,,,,,,,,,,,,,,,,,,,,,,,,,,,,,,,,,,,,,,,
,"פועלים הנפקות 31- הפועלים הנפקות בע""מ",1940527,TASE,אחר,194,בנקים,AAA,מעלות,10/08/11,0.85,שקל חדש,4.50,0.00,"5,321,201.40",106.16,"5,648.99",1.65,0.39,0.05,,,,,,,,,,,,,,,,,,,,,,,,,,,,,,,,,,,,,,,,,,,,,
,"פועלים הנפקות סדרה 34- הפועלים הנפקות בע""מ",1940576,TASE,אחר,194,בנקים,AAA,מעלות,26/03/15,3.45,שקל חדש,0.70,0.01,"32,206,674.16",100.71,"32,435.34",0.75,2.22,0.29,,,,,,,,,,,,,,,,,,,,,,,,,,,,,,,,,,,,,,,,,,,,,
,"בינל הנפק ש""ה אגח ג- הבינלאומי הראשון הנפקות בע""מ",1093681,TASE,אחר,1153,בנקים,AA+,מעלות,14/09/08,0.82,שקל חדש,4.20,0.01,"1,967,320.29",128.36,"2,525.25",1.91,0.17,0.02,,,,,,,,,,,,,,,,,,,,,,,,,,,,,,,,,,,,,,,,,,,,,
,"לאומי התח נד  ח- בנק לאומי לישראל בע""מ",6040232,TASE,אחר,604,בנקים,AA+,מעלות,12/07/16,0.60,שקל חדש,4.40,0.00,"724,173.50",121.55,880.23,0.11,0.06,0.01,,,,,,,,,,,,,,,,,,,,,,,,,,,,,,,,,,,,,,,,,,,,,
,"לאומי התח נד יב- בנק לאומי לישראל בע""מ",6040273,TASE,אחר,604,בנקים,AA+,מעלות,20/10/16,0.45,שקל חדש,2.60,0.00,"16,310,797.00",108.56,"17,707.00",0.50,1.21,0.16,,,,,,,,,,,,,,,,,,,,,,,,,,,,,,,,,,,,,,,,,,,,,
,"מזרחי טפחות הנפקות הת 30- מזרחי טפחות חברה להנפקות בע""מ",2310068,TASE,אחר,231,בנקים,AA+,מעלות,22/02/17,0.16,שקל חדש,3.90,0.00,"2,004,756.00",123.44,"2,474.67",0.14,0.17,0.02,,,,,,,,,,,,,,,,,,,,,,,,,,,,,,,,,,,,,,,,,,,,,
,"עזריאלי אגח ג- קבוצת עזריאלי בע""מ (לשעבר קנית מימון)",1136324,TASE,אחר,1420,"נדל""ן ובינוי",AA+,מעלות,06/09/15,5.47,שקל חדש,1.64,0.01,"8,477,876.00",101.50,"8,605.04",0.84,0.59,0.08,,,,,,,,,,,,,,,,,,,,,,,,,,,,,,,,,,,,,,,,,,,,,
,"עזריאלי אגח ד- קבוצת עזריאלי בע""מ (לשעבר קנית מימון)",1138650,TASE,אחר,1420,"נדל""ן ובינוי",Aa1,מידרוג,07/07/16,6.79,שקל חדש,1.34,0.02,"42,587,977.00",97.38,"41,472.17",1.94,2.84,0.38,,,,,,,,,,,,,,,,,,,,,,,,,,,,,,,,,,,,,,,,,,,,,
,"פועלים הנפ הת ט- הפועלים הנפקות בע""מ",1940386,TASE,אחר,194,בנקים,AA+,מעלות,30/03/08,0.72,שקל חדש,4.70,0.00,"1,670,170.00",124.10,"2,072.68",1.17,0.14,0.02,,,,,,,,,,,,,,,,,,,,,,,,,,,,,,,,,,,,,,,,,,,,,
,"פועלים הנפ הת טו- הפועלים הנפקות בע""מ",1940543,TASE,אחר,194,בנקים,AA+,מעלות,19/06/12,4.66,שקל חדש,4.20,0.01,"3,860,155.00",121.00,"4,670.79",0.39,0.32,0.04,,,,,,,,,,,,,,,,,,,,,,,,,,,,,,,,,,,,,,,,,,,,,
,"בזק אגח 6- בזק החברה הישראלית לתקשורת בע""מ",2300143,TASE,אחר,230,תקשורת ומדיה,AA,מעלות,28/11/13,3.46,שקל חדש,3.70,0.01,"12,538,956.00",113.69,"14,255.54",0.44,0.98,0.13,,,,,,,,,,,,,,,,,,,,,,,,,,,,,,,,,,,,,,,,,,,,,
,"בינל הנפק התח כא- הבינלאומי הראשון הנפקות בע""מ",1126598,TASE,אחר,1153,בנקים,AA,מעלות,24/12/12,2.20,שקל חדש,2.80,0.01,"3,805,697.00",107.46,"4,089.60",0.39,0.28,0.04,,,,,,,,,,,,,,,,,,,,,,,,,,,,,,,,,,,,,,,,,,,,,
,"בינל הנפק כ. נדח התח ה- הבינלאומי הראשון הנפקות בע""מ",1105576,TASE,אחר,1153,בנקים,AA,מעלות,25/11/08,0.20,שקל חדש,3.85,0.00,"16,242.00",121.03,19.66,0.00,0.00,0.00,,,,,,,,,,,,,,,,,,,,,,,,,,,,,,,,,,,,,,,,,,,,,
,"בינלאומי הנפקות כ נדחה- הבינלאומי הראשון הנפקות בע""מ",1121953,TASE,אחר,1153,בנקים,AA,מעלות,29/12/10,2.29,שקל חדש,3.10,0.01,"2,161,801.60",111.06,"2,400.90",0.31,0.16,0.02,,,,,,,,,,,,,,,,,,,,,,,,,,,,,,,,,,,,,,,,,,,,,
,"דסקונט מנפיקים הת א- דיסקונט מנפיקים בע""מ",7480015,TASE,אחר,748,בנקים,AA,מעלות,11/08/08,1.00,שקל חדש,5.50,0.01,"49,292.00",129.05,63.61,0.06,0.00,0.00,,,,,,,,,,,,,,,,,,,,,,,,,,,,,,,,,,,,,,,,,,,,,
,"דסקונט מנפיקים הת ב- דיסקונט מנפיקים בע""מ",7480023,TASE,אחר,748,השקעות ואחזקות,AA,מעלות,15/07/08,1.63,שקל חדש,5.25,0.01,"1,141,236.75",133.01,"1,517.96",0.32,0.10,0.01,,,,,,,,,,,,,,,,,,,,,,,,,,,,,,,,,,,,,,,,,,,,,
,"וילאר אגח ד- וילאר אינטרנשיונל בע""מ",4160099,TASE,אחר,416,"נדל""ן ובינוי",AA,מעלות,16/12/08,0.75,שקל חדש,4.00,0.01,"2,064,972.91",123.01,"2,540.12",8.26,0.17,0.02,,,,,,,,,,,,,,,,,,,,,,,,,,,,,,,,,,,,,,,,,,,,,
,"וילאר אגח ו- וילאר אינטרנשיונל בע""מ",4160115,TASE,אחר,416,"נדל""ן ובינוי",AA,מעלות,17/03/10,2.82,שקל חדש,3.64,0.97,"9,336,050.81",116.05,"10,834.49",8.47,0.74,0.10,,,,,,,,,,,,,,,,,,,,,,,,,,,,,,,,,,,,,,,,,,,,,
,"חשמל     אגח 29- חברת החשמל לישראל בע""מ",6000236,TASE,אחר,600,חיפושי נפט וגז,AA,מעלות,30/03/17,7.23,שקל חדש,4.50,0.02,"10,083,567.00",118.60,"11,959.11",1.10,0.82,0.11,,,,,,,,,,,,,,,,,,,,,,,,,,,,,,,,,,,,,,,,,,,,,
,"חשמל אגח 27- חברת החשמל לישראל בע""מ",6000210,TASE,אחר,600,חיפושי נפט וגז,AA,מעלות,25/02/16,8.74,שקל חדש,3.85,0.02,"4,913,273.00",114.22,"5,611.94",0.18,0.38,0.05,,,,,,,,,,,,,,,,,,,,,,,,,,,,,,,,,,,,,,,,,,,,,
,"שטראוס גרופ ב'- שטראוס גרופ בע""מ",7460140,TASE,אחר,746,מזון,Aa2,מידרוג,03/02/09,0.83,שקל חדש,4.10,0.01,"6,084,501.21",123.68,"7,525.31",4.09,0.52,0.07,,,,,,,,,,,,,,,,,,,,,,,,,,,,,,,,,,,,,,,,,,,,,
,"אגוד הנפ  אגח ו- אגוד הנפקות בע""מ",1126762,TASE,אחר,1239,בנקים,Aa3,מידרוג,26/03/14,0.83,שקל חדש,1.60,0.71,"12,575,124.22",102.69,"12,913.40",2.46,0.88,0.12,,,,,,,,,,,,,,,,,,,,,,,,,,,,,,,,,,,,,,,,,,,,,
,"אגוד הנפקות אגח ט- אגוד הנפקות בע""מ",1139492,TASE,אחר,1239,בנקים,Aa3,מידרוג,24/11/16,4.32,שקל חדש,0.95,0.83,"14,985,841.00",100.00,"14,985.84",3.47,1.03,0.14,,,,,,,,,,,,,,,,,,,,,,,,,,,,,,,,,,,,,,,,,,,,,
,"אמות אגח א- אמות השקעות בע""מ",1097385,TASE,אחר,1328,"נדל""ן ובינוי",Aa3,מידרוג,17/01/08,1.23,שקל חדש,4.95,0.01,"2,521,494.00",127.79,"3,222.22",0.65,0.22,0.03,,,,,,,,,,,,,,,,,,,,,,,,,,,,,,,,,,,,,,,,,,,,,
,"אמות אגח ג- אמות השקעות בע""מ",1117357,TASE,אחר,1328,"נדל""ן ובינוי",Aa3,מידרוג,25/06/15,2.19,שקל חדש,4.90,0.01,"2,486,464.41",117.88,"2,931.04",0.63,0.20,0.03,,,,,,,,,,,,,,,,,,,,,,,,,,,,,,,,,,,,,,,,,,,,,
,"בינל הנפק אוצר נדח הת ו- הבינלאומי הראשון הנפקות בע""מ",1110279,TASE,אחר,1153,בנקים,Aa3,מידרוג,26/05/10,0.02,שקל חדש,4.30,0.01,"291,442.43",117.90,343.61,0.42,0.02,0.00,,,,,,,,,,,,,,,,,,,,,,,,,,,,,,,,,,,,,,,,,,,,,
,"גזית גלוב אגח ד- גזית-גלוב בע""מ",1260397,TASE,אחר,126,"נדל""ן ובינוי",AA-,מעלות,06/01/09,2.96,שקל חדש,5.10,0.02,"3,591,788.00",129.16,"4,639.15",0.17,0.32,0.04,,,,,,,,,,,,,,,,,,,,,,,,,,,,,,,,,,,,,,,,,,,,,
,"גזית גלוב אגח ט- גזית-גלוב בע""מ",1260462,TASE,אחר,126,"נדל""ן ובינוי",AA-,מעלות,17/05/09,1.21,שקל חדש,5.30,0.01,"197,136.44",123.49,243.44,0.04,0.02,0.00,,,,,,,,,,,,,,,,,,,,,,,,,,,,,,,,,,,,,,,,,,,,,
,"גזית גלוב אגח י- גזית-גלוב בע""מ",1260488,TASE,אחר,126,"נדל""ן ובינוי",AA-,מעלות,23/02/09,2.31,שקל חדש,6.50,0.01,"12,800,671.14",126.63,"16,209.49",1.85,1.11,0.15,,,,,,,,,,,,,,,,,,,,,,,,,,,,,,,,,,,,,,,,,,,,,
,"גזית גלוב אגח יב- גזית-גלוב בע""מ",1260603,TASE,אחר,126,"נדל""ן ובינוי",AA-,מעלות,29/01/15,7.47,שקל חדש,4.00,0.03,"6,741,525.00",105.65,"7,122.42",0.23,0.49,0.06,,,,,,,,,,,,,,,,,,,,,,,,,,,,,,,,,,,,,,,,,,,,,
,"דקסיה הנ אגח י- דקסיה ישראל הנפקות בע""מ",1134147,TASE,אחר,1291,בנקים,AA-,מעלות,08/01/15,6.48,שקל חדש,1.50,0.01,"25,956,719.56",100.10,"25,982.68",4.30,1.78,0.24,,,,,,,,,,,,,,,,,,,,,,,,,,,,,,,,,,,,,,,,,,,,,
,"דקסיה הנפקות ז 3.55- דקסיה ישראל הנפקות בע""מ",1119825,TASE,אחר,1291,בנקים,AA-,מעלות,26/01/17,3.18,שקל חדש,3.55,0.01,"723,552.00",118.52,857.55,0.15,0.06,0.01,,,,,,,,,,,,,,,,,,,,,,,,,,,,,,,,,,,,,,,,,,,,,
,"דקסיה ישראל הנ אגח ב 4.65- דקסיה ישראל הנפקות בע""מ",1095066,TASE,אחר,1291,בנקים,AA-,מעלות,06/08/12,2.13,שקל חדש,4.65,0.01,"7,314,086.44",130.49,"9,544.15",1.39,0.65,0.09,,,,,,,,,,,,,,,,,,,,,,,,,,,,,,,,,,,,,,,,,,,,,
,"יואל  אגח 3- י.ו.א.ל. ירושלים אויל אקספלורשיין בע""מ",5830104,TASE,אחר,583,השקעות ואחזקות,AA-,מעלות,04/01/16,0.52,שקל חדש,1.28,0.61,"2,435,153.12",100.00,"2,435.15",6.49,0.17,0.02,,,,,,,,,,,,,,,,,,,,,,,,,,,,,,,,,,,,,,,,,,,,,
,"מליסרון אג""ח ח- מליסרון בע""מ",3230166,TASE,אחר,323,"נדל""ן ובינוי",AA-,מעלות,06/06/13,4.28,שקל חדש,2.55,0.01,"10,163,622.64",106.19,"10,792.75",1.12,0.74,0.10,,,,,,,,,,,,,,,,,,,,,,,,,,,,,,,,,,,,,,,,,,,,,
,"מליסרון אגח ה- מליסרון בע""מ",3230091,TASE,אחר,323,"נדל""ן ובינוי",AA-,מעלות,29/06/09,2.95,שקל חדש,5.10,0.01,"13,892,688.04",125.50,"17,435.32",1.94,1.19,0.16,,,,,,,,,,,,,,,,,,,,,,,,,,,,,,,,,,,,,,,,,,,,,
,"מליסרון אגח ט- מליסרון בע""מ",3230174,TASE,אחר,323,"נדל""ן ובינוי",AA-,מעלות,28/08/13,3.00,שקל חדש,2.29,0.01,"1,086,779.31",103.06,"1,120.03",0.18,0.08,0.01,,,,,,,,,,,,,,,,,,,,,,,,,,,,,,,,,,,,,,,,,,,,,
,"מליסרון אגח יד- מליסרון בע""מ",3230232,TASE,אחר,323,"נדל""ן ובינוי",AA-,מעלות,20/04/16,7.44,שקל חדש,2.15,2.35,"14,441,957.64",99.94,"14,433.29",2.68,0.99,0.13,,,,,,,,,,,,,,,,,,,,,,,,,,,,,,,,,,,,,,,,,,,,,
,"מליסרון סדרה י'- מליסרון בע""מ",3230190,TASE,אחר,323,"נדל""ן ובינוי",AA-,מעלות,31/03/15,7.05,שקל חדש,0.88,0.02,"10,374,731.70",97.35,"10,099.80",1.21,0.69,0.09,,,,,,,,,,,,,,,,,,,,,,,,,,,,,,,,,,,,,,,,,,,,,
,"פז נפט  ו- פז חברת הנפט בע""מ",1139542,TASE,אחר,1363,חיפושי נפט וגז,AA-,מעלות,01/12/16,5.77,שקל חדש,1.94,1.38,"1,722,439.00",103.28,"1,778.93",0.24,0.12,0.02,,,,,,,,,,,,,,,,,,,,,,,,,,,,,,,,,,,,,,,,,,,,,
,"ריט 1 אגח ג- ריט 1 בע""מ",1120021,TASE,אחר,1357,"נדל""ן ובינוי",AA-,מעלות,22/07/10,2.28,שקל חדש,3.90,0.01,"92,723.34",113.70,105.43,0.02,0.01,0.00,,,,,,,,,,,,,,,,,,,,,,,,,,,,,,,,,,,,,,,,,,,,,
,"ריט 1 אגח ד- ריט 1 בע""מ",1129899,TASE,אחר,1357,"נדל""ן ובינוי",AA-,מעלות,23/09/13,5.12,שקל חדש,4.00,0.01,"7,193,305.47",112.46,"8,089.59",1.15,0.55,0.07,,,,,,,,,,,,,,,,,,,,,,,,,,,,,,,,,,,,,,,,,,,,,
,"ריט 1 אגח ו- ריט 1 בע""מ",1138544,TASE,אחר,1357,"נדל""ן ובינוי",AA-,מעלות,19/06/16,8.78,שקל חדש,3.50,0.03,"8,377,423.00",109.04,"9,134.74",4.71,0.63,0.08,,,,,,,,,,,,,,,,,,,,,,,,,,,,,,,,,,,,,,,,,,,,,
,"ריט 1 סד ה- ריט 1 בע""מ",1136753,TASE,אחר,1357,"נדל""ן ובינוי",AA-,מעלות,03/11/15,7.45,שקל חדש,4.00,0.02,"19,055,938.98",114.52,"21,822.86",9.68,1.49,0.20,,,,,,,,,,,,,,,,,,,,,,,,,,,,,,,,,,,,,,,,,,,,,
,"ביג אגח ד- ביג מרכזי קניות (2004) בע""מ",1118033,TASE,אחר,1327,"נדל""ן ובינוי",A+,מעלות,24/02/10,2.50,שקל חדש,3.77,0.01,"5,049,362.43",116.66,"5,890.59",1.31,0.40,0.05,,,,,,,,,,,,,,,,,,,,,,,,,,,,,,,,,,,,,,,,,,,,,
,"ישרס אגח ו- ישרס חברה להשקעות בע""מ",6130124,TASE,אחר,613,"נדל""ן ובינוי",A1,מידרוג,20/06/11,0.08,שקל חדש,4.80,0.80,"873,879.59",105.95,925.88,1.09,0.06,0.01,,,,,,,,,,,,,,,,,,,,,,,,,,,,,,,,,,,,,,,,,,,,,
,"ישרס אגח טו- ישרס חברה להשקעות בע""מ",6130207,TASE,אחר,613,"נדל""ן ובינוי",A1,מידרוג,08/08/16,6.81,שקל חדש,1.58,1.78,"16,490,521.00",99.31,"16,376.74",3.67,1.12,0.15,,,,,,,,,,,,,,,,,,,,,,,,,,,,,,,,,,,,,,,,,,,,,
,"ישרס אגח יג- ישרס חברה להשקעות בע""מ",6130181,TASE,אחר,613,"נדל""ן ובינוי",A1,מידרוג,01/06/14,4.13,שקל חדש,3.48,1.47,"8,852,634.68",107.39,"9,506.84",1.54,0.65,0.09,,,,,,,,,,,,,,,,,,,,,,,,,,,,,,,,,,,,,,,,,,,,,
,נייר חדרה אגח 3- נייר חדרה לשעבר מפעלי נייר,6320071,TASE,אחר,632,"עץ, נייר ודפוס",A+,מעלות,17/07/08,0.75,שקל חדש,4.65,1.96,"844,915.22",118.80,"1,003.76",2.03,0.07,0.01,,,,,,,,,,,,,,,,,,,,,,,,,,,,,,,,,,,,,,,,,,,,,
,"סלע נדלן אגח א- סלע קפיטל נדל""ן בע""מ",1128586,TASE,אחר,1514,"נדל""ן ובינוי",A1,מידרוג,28/10/13,3.31,שקל חדש,2.75,1.17,"4,456,376.67",105.69,"4,709.94",2.10,0.32,0.04,,,,,,,,,,,,,,,,,,,,,,,,,,,,,,,,,,,,,,,,,,,,,
,"סלע נדלן אגח ב- סלע קפיטל נדל""ן בע""מ",1132927,TASE,אחר,1514,"נדל""ן ובינוי",A1,מידרוג,16/07/14,5.11,שקל חדש,2.74,1.51,"18,882,009.87",105.40,"19,901.64",3.79,1.36,0.18,,,,,,,,,,,,,,,,,,,,,,,,,,,,,,,,,,,,,,,,,,,,,
,"סלע נדלן ג- סלע קפיטל נדל""ן בע""מ",1138973,TASE,אחר,1514,"נדל""ן ובינוי",A1,מידרוג,21/08/16,7.04,שקל חדש,1.96,2.05,"11,326,809.00",99.86,"11,310.95",4.58,0.77,0.10,,,,,,,,,,,,,,,,,,,,,,,,,,,,,,,,,,,,,,,,,,,,,
,"סלקום אגח ד- סלקום ישראל בע""מ",1107333,TASE,אחר,2066,תקשורת ומדיה,A+,מעלות,05/02/08,0.25,שקל חדש,5.19,0.01,"2,309,096.00",121.76,"2,811.56",0.77,0.19,0.03,,,,,,,,,,,,,,,,,,,,,,,,,,,,,,,,,,,,,,,,,,,,,
,"סלקום אגח ו- סלקום ישראל בע""מ",1125996,TASE,אחר,2066,תקשורת ומדיה,A+,מעלות,21/03/12,1.71,שקל חדש,4.35,0.01,"16,992,229.50",109.32,"18,575.91",2.64,1.27,0.17,,,,,,,,,,,,,,,,,,,,,,,,,,,,,,,,,,,,,,,,,,,,,
,"סלקום אגח ח- סלקום ישראל בע""מ",1132828,TASE,אחר,2066,תקשורת ומדיה,A+,מעלות,10/07/14,4.31,שקל חדש,1.98,0.01,"4,682,341.68",102.01,"4,776.46",0.49,0.33,0.04,,,,,,,,,,,,,,,,,,,,,,,,,,,,,,,,,,,,,,,,,,,,,
,"סלקום אגח י- סלקום ישראל בע""מ",1139245,TASE,אחר,2066,תקשורת ומדיה,A+,מעלות,27/09/16,6.40,שקל חדש,2.45,1.90,"744,945.00",103.69,772.43,0.72,0.05,0.01,,,,,,,,,,,,,,,,,,,,,,,,,,,,,,,,,,,,,,,,,,,,,
,"פרטנר אגח ג- חברת פרטנר תקשורת בע""מ",1118827,TASE,אחר,2095,תקשורת ומדיה,A+,מעלות,24/08/11,1.22,שקל חדש,3.35,0.69,"8,448,473.12",112.20,"9,479.19",2.15,0.65,0.09,,,,,,,,,,,,,,,,,,,,,,,,,,,,,,,,,,,,,,,,,,,,,
,"רבוע נדלן אגח ג- רבוע כחול נדל""ן בע""מ",1115724,TASE,אחר,1349,"נדל""ן ובינוי",A+,מעלות,29/06/15,1.05,שקל חדש,4.20,1.10,"246,465.20",112.46,277.17,0.15,0.02,0.00,,,,,,,,,,,,,,,,,,,,,,,,,,,,,,,,,,,,,,,,,,,,,
,"רבוע נדלן אגח ד- רבוע כחול נדל""ן בע""מ",1119999,TASE,אחר,1349,"נדל""ן ובינוי",A1,מידרוג,29/06/15,1.70,שקל חדש,4.50,0.01,"677,683.00",114.20,773.91,0.10,0.05,0.01,,,,,,,,,,,,,,,,,,,,,,,,,,,,,,,,,,,,,,,,,,,,,
,"רבוע נדלן אגח ה- רבוע כחול נדל""ן בע""מ",1130467,TASE,אחר,1349,"נדל""ן ובינוי",A1,מידרוג,20/09/16,4.42,שקל חדש,3.30,0.02,"4,818,669.00",107.16,"5,163.69",0.74,0.35,0.05,,,,,,,,,,,,,,,,,,,,,,,,,,,,,,,,,,,,,,,,,,,,,
,"שופרסל אגח ו- שופר-סל בע""מ",7770217,TASE,אחר,777,מסחר,A+,מעלות,06/09/15,6.54,שקל חדש,4.30,2.16,"1,191,063.00",115.03,"1,370.08",0.13,0.09,0.01,,,,,,,,,,,,,,,,,,,,,,,,,,,,,,,,,,,,,,,,,,,,,
,"שופרסל.ק2 הפך לסחיר מ-7770134- שופר-סל בע""מ",7770142,TASE,אחר,777,מסחר,A+,מעלות,23/01/08,1.48,שקל חדש,5.20,0.88,"404,842.69",130.20,527.11,0.43,0.04,0.00,,,,,,,,,,,,,,,,,,,,,,,,,,,,,,,,,,,,,,,,,,,,,
,"אגח גירון ג- גירון פיתוח ובניה בע""מ",1125681,TASE,אחר,1130,"נדל""ן ובינוי",A2,מידרוג,12/02/12,1.71,שקל חדש,4.45,1.40,"1,566,601.66",108.05,"1,692.71",1.57,0.12,0.02,,,,,,,,,,,,,,,,,,,,,,,,,,,,,,,,,,,,,,,,,,,,,
,"איי די איי ב שה- איי.די.איי. הנפקות (2010) בע""מ",1121581,TASE,אחר,1566,ביטוח,A2,מידרוג,30/11/10,1.60,שקל חדש,5.00,1.27,"1,038,415.00",112.91,"1,172.47",2.04,0.08,0.01,,,,,,,,,,,,,,,,,,,,,,,,,,,,,,,,,,,,,,,,,,,,,
,"איי.די.איי הנ הת ג- איי.די.איי. הנפקות (2010) בע""מ",1127349,TASE,אחר,1566,ביטוח,A2,מידרוג,11/12/12,3.44,שקל חדש,4.30,0.02,"1,344,000.00",110.14,"1,480.28",1.12,0.10,0.01,,,,,,,,,,,,,,,,,,,,,,,,,,,,,,,,,,,,,,,,,,,,,
,"אלרוב נדלן ד' 3- אלרוב נדל""ן ומלונאות בע""מ",IL0038701285,TASE,אחר,387,"נדל""ן ובינוי",A2,מידרוג,19/01/17,4.72,שקל חדש,2.40,2.14,"4,407,122.00",101.61,"4,478.08",1.81,0.31,0.04,,,,,,,,,,,,,,,,,,,,,,,,,,,,,,,,,,,,,,,,,,,,,
,"אשטרום נכ אגח 7- אשטרום נכסים בע""מ",2510139,TASE,אחר,251,"נדל""ן ובינוי",A,מעלות,14/12/10,2.16,שקל חדש,4.25,1.30,"3,118,079.20",114.13,"3,558.66",1.35,0.24,0.03,,,,,,,,,,,,,,,,,,,,,,,,,,,,,,,,,,,,,,,,,,,,,
,"אשטרום נכ אגח 8- אשטרום נכסים בע""מ",2510162,TASE,אחר,251,"נדל""ן ובינוי",A,מעלות,23/07/13,2.75,שקל חדש,4.60,1.48,"4,997,132.94",110.28,"5,510.84",1.06,0.38,0.05,,,,,,,,,,,,,,,,,,,,,,,,,,,,,,,,,,,,,,,,,,,,,
,"אשטרום נכסים אגח 10- אשטרום נכסים בע""מ",2510204,TASE,אחר,251,"נדל""ן ובינוי",A,מעלות,29/09/16,6.42,שקל חדש,3.06,2.60,"2,072,576.00",103.31,"2,141.18",1.68,0.15,0.02,,,,,,,,,,,,,,,,,,,,,,,,,,,,,,,,,,,,,,,,,,,,,
,"גירון אגח ו- גירון פיתוח ובניה בע""מ",1139849,TASE,אחר,1130,"נדל""ן ובינוי",A2,מידרוג,19/01/17,6.31,שקל חדש,2.50,2.59,"3,247,786.00",99.85,"3,242.91",2.02,0.22,0.03,,,,,,,,,,,,,,,,,,,,,,,,,,,,,,,,,,,,,,,,,,,,,
,"דלק קבוצה אגח כב- קבוצת דלק בע""מ",1106046,TASE,אחר,1095,השקעות ואחזקות,A,מעלות,16/10/08,3.26,שקל חדש,4.50,0.02,"1,631,372.00",131.27,"2,141.50",0.44,0.15,0.02,,,,,,,,,,,,,,,,,,,,,,,,,,,,,,,,,,,,,,,,,,,,,
,לוינשט נכ אגח ב- לוינשטיין נכסים,1139716,TASE,אחר,1536,"נדל""ן ובינוי",A,מעלות,05/01/17,5.74,שקל חדש,2.30,2.33,"3,278,582.00",100.33,"3,289.40",2.61,0.23,0.03,,,,,,,,,,,,,,,,,,,,,,,,,,,,,,,,,,,,,,,,,,,,,
,"שלמה אחזקות אגח טז- ש. שלמה החזקות בע""מ לשעבר ניו קופל",1410281,TASE,אחר,141,שירותים,A,מעלות,04/11/15,3.05,שקל חדש,2.15,0.02,"14,809,657.53",101.09,"14,971.08",1.85,1.02,0.14,,,,,,,,,,,,,,,,,,,,,,,,,,,,,,,,,,,,,,,,,,,,,
,"שלמה החזקות אגח יד- ש. שלמה החזקות בע""מ לשעבר ניו קופל",1410265,TASE,אחר,141,שירותים,A,מעלות,29/04/14,1.50,שקל חדש,3.75,1.13,"2,110,203.38",104.53,"2,205.80",0.41,0.15,0.02,,,,,,,,,,,,,,,,,,,,,,,,,,,,,,,,,,,,,,,,,,,,,
,"אדגר אגח ט- אדגר השקעות ופיתוח בע""מ",1820190,TASE,אחר,182,"נדל""ן ובינוי",A3,מידרוג,28/06/15,5.47,שקל חדש,4.65,2.95,"8,220,255.00",109.90,"9,034.06",1.15,0.62,0.08,,,,,,,,,,,,,,,,,,,,,,,,,,,,,,,,,,,,,,,,,,,,,
,"אפריקה נכסים אגח ה- אפריקה ישראל נכסים בע""מ",1122233,TASE,אחר,1172,"נדל""ן ובינוי",A3,מידרוג,12/05/11,1.07,שקל חדש,5.90,0.01,"5,922,088.09",111.16,"6,582.99",1.67,0.45,0.06,,,,,,,,,,,,,,,,,,,,,,,,,,,,,,,,,,,,,,,,,,,,,
,"מבני תעש אגח יט- מבני תעשיה בע""מ",2260487,TASE,אחר,226,"נדל""ן ובינוי",A-,מעלות,05/10/16,7.74,שקל חדש,2.60,2.30,"12,031,135.00",101.88,"12,257.32",2.84,0.84,0.11,,,,,,,,,,,,,,,,,,,,,,,,,,,,,,,,,,,,,,,,,,,,,
,"מבני תעשיה יח- מבני תעשיה בע""מ",2260479,TASE,אחר,226,"נדל""ן ובינוי",A-,מעלות,15/05/16,6.15,שקל חדש,2.85,0.02,"4,227,222.00",108.86,"4,601.75",0.62,0.31,0.04,,,,,,,,,,,,,,,,,,,,,,,,,,,,,,,,,,,,,,,,,,,,,
,"בזן אגח א- בתי זקוק לנפט בע""מ",2590255,TASE,אחר,259,חיפושי נפט וגז,BBB+,מעלות,06/01/09,1.69,שקל חדש,4.80,0.02,"7,861,586.89",124.07,"9,753.87",1.10,0.67,0.09,,,,,,,,,,,,,,,,,,,,,,,,,,,,,,,,,,,,,,,,,,,,,
,"בזן סדרה ז- בתי זקוק לנפט בע""מ",2590438,TASE,אחר,259,חיפושי נפט וגז,BBB+,מעלות,30/12/15,1.93,שקל חדש,5.69,0.01,"3,919,559.15",129.69,"5,083.28",1.23,0.35,0.05,,,,,,,,,,,,,,,,,,,,,,,,,,,,,,,,,,,,,,,,,,,,,
,"מישורים  סד 3- מישורים חברה לפיתוח בע""מ",1127513,TASE,אחר,1467,"נדל""ן ובינוי",BBB+,מעלות,08/01/13,1.77,שקל חדש,6.15,1.63,"408,463.07",110.30,450.53,0.83,0.03,0.00,,,,,,,,,,,,,,,,,,,,,,,,,,,,,,,,,,,,,,,,,,,,,
,"דיסקונט השקעות אגח ו- חברת השקעות דיסקונט בע""מ",6390207,TASE,אחר,639,השקעות ואחזקות,BBB,מעלות,26/01/09,4.22,שקל חדש,4.95,4.14,"29,015,837.00",124.59,"36,150.83",0.93,2.47,0.33,,,,,,,,,,,,,,,,,,,,,,,,,,,,,,,,,,,,,,,,,,,,,
,"הכשרת ביטוח אגח 1- הכשרת הישוב חברה לביטוח בע""מ",1122092,TASE,אחר,1187,ביטוח,Baa2,מידרוג,15/07/12,1.67,שקל חדש,5.70,2.42,"1,700,130.00",111.80,"1,900.75",1.39,0.13,0.02,,,,,,,,,,,,,,,,,,,,,,,,,,,,,,,,,,,,,,,,,,,,,
,קרדן אן וי אגח ב- קרדן אן.וי.,1113034,TASE,אחר,1154,השקעות ואחזקות,B,מעלות,18/01/09,1.78,שקל חדש,5.87,0.41,"490,203.45",72.04,353.14,0.05,0.02,0.00,,,,,,,,,,,,,,,,,,,,,,,,,,,,,,,,,,,,,,,,,,,,,
,"אדרי-אל   אגח ב- אדרי-אל החזקות בע""מ",1123371,TASE,אחר,1466,"נדל""ן ובינוי",CCC,מעלות,29/11/11,0.27,שקל חדש,5.10,11.57,"163,526.07",103.22,168.79,0.17,0.01,0.00,,,,,,,,,,,,,,,,,,,,,,,,,,,,,,,,,,,,,,,,,,,,,
,פלאזה סנטרס אגח א- פלאזה סנטרס,1109495,TASE,אחר,1476,"נדל""ן ובינוי",CCC,מעלות,08/12/08,2.01,שקל חדש,6.00,20.47,"1,701,452.84",91.91,"1,563.81",0.94,0.11,0.01,,,,,,,,,,,,,,,,,,,,,,,,,,,,,,,,,,,,,,,,,,,,,
,פלאזה סנטרס אגח ב- פלאזה סנטרס,1109503,TASE,אחר,1476,"נדל""ן ובינוי",CCC,מעלות,14/07/08,2.43,שקל חדש,6.90,19.27,"1,287,385.80",88.71,"1,142.04",0.47,0.08,0.01,,,,,,,,,,,,,,,,,,,,,,,,,,,,,,,,,,,,,,,,,,,,,
,"אפריקה   אגח כו- אפריקה-ישראל להשקעות בע""מ",6110365,TASE,אחר,611,"נדל""ן ובינוי",Ca,מידרוג,16/05/10,2.89,שקל חדש,7.50,0.25,"1,049,690.82",71.00,745.28,0.08,0.05,0.01,,,,,,,,,,,,,,,,,,,,,,,,,,,,,,,,,,,,,,,,,,,,,
,"אפריקה אגח כח- אפריקה-ישראל להשקעות בע""מ",6110480,TASE,אחר,611,"נדל""ן ובינוי",Ca,מידרוג,13/11/14,3.83,שקל חדש,5.70,0.25,"332,958.73",53.39,177.77,0.10,0.01,0.00,,,,,,,,,,,,,,,,,,,,,,,,,,,,,,,,,,,,,,,,,,,,,
,"ארזים אגח 4- ארזים השקעות בע""מ",1380104,TASE,אחר,138,"נדל""ן ובינוי",D,מעלות,22/04/09,1.61,שקל חדש,1.55,0.19,"129,552.47",99.75,129.23,0.08,0.01,0.00,,,,,,,,,,,,,,,,,,,,,,,,,,,,,,,,,,,,,,,,,,,,,
,אלרן נדלן אגח ג,1124650,TASE,אחר,1377,"נדל""ן ובינוי",0,לא מדורג,18/06/15,0.01,שקל חדש,3.09,0.01,596.58,5.00,0.03,0.00,0.00,0.00,,,,,,,,,,,,,,,,,,,,,,,,,,,,,,,,,,,,,,,,,,,,,
,גמול השקעות אגח ב,1116755,TASE,אחר,1134,"נדל""ן ובינוי",0,לא מדורג,06/07/14,4.14,שקל חדש,4.50,16.66,"123,318.05",30.36,37.44,0.17,0.00,0.00,,,,,,,,,,,,,,,,,,,,,,,,,,,,,,,,,,,,,,,,,,,,,
,"דלק אנרגיה אגח ה- דלק מערכות אנרגיה בע""מ",5650114,TASE,אחר,565,חיפושי נפט וגז,0,לא מדורג,04/07/10,1.27,שקל חדש,5.15,0.67,"11,053,939.59",114.10,"12,612.55",2.91,0.86,0.11,,,,,,,,,,,,,,,,,,,,,,,,,,,,,,,,,,,,,,,,,,,,,
,"חלל תקשורת ח- חלל-תקשורת בע""מ",1131416,TASE,אחר,1132,תקשורת ומדיה,0,לא מדורג,23/02/17,2.77,שקל חדש,3.85,1.60,"2,550,215.00",106.30,"2,710.88",0.92,0.19,0.02,,,,,,,,,,,,,,,,,,,,,,,,,,,,,,,,,,,,,,,,,,,,,
,"חנן מור אגח ד- קבוצת חנן מור אחזקות בע""מ",1122449,TASE,אחר,1331,"נדל""ן ובינוי",0,לא מדורג,21/02/13,0.16,שקל חדש,5.45,5.34,"177,942.74",108.80,193.60,0.87,0.01,0.00,,,,,,,,,,,,,,,,,,,,,,,,,,,,,,,,,,,,,,,,,,,,,
,"לוי אגח ו- א.לוי השקעות ובנין בע""מ",7190150,TASE,אחר,719,"נדל""ן ובינוי",0,לא מדורג,08/03/11,0.92,שקל חדש,7.95,0.03,"175,969.57",109.56,192.79,0.98,0.01,0.00,,,,,,,,,,,,,,,,,,,,,,,,,,,,,,,,,,,,,,,,,,,,,
,"ליברטי אג""ח ד'- ליברטי פרופרטיס בע""מ",1130475,TASE,אחר,1117,"נדל""ן ובינוי",0,לא מדורג,06/11/13,1.95,שקל חדש,5.85,2.68,"835,441.14",108.38,905.45,1.43,0.06,0.01,,,,,,,,,,,,,,,,,,,,,,,,,,,,,,,,,,,,,,,,,,,,,
,"מעין ונצורס אגח ב' להמרה- מעין ונצ'ורס בע""מ",1135185,TASE,אחר,1286,השקעות בהיי-טק,0,לא מדורג,05/04/15,5.00,שקל חדש,5.44,0.01,"20,004.52",8.00,1.60,0.06,0.00,0.00,,,,,,,,,,,,,,,,,,,,,,,,,,,,,,,,,,,,,,,,,,,,,
,"נאוסיטי א- קבוצת נאוסיטי להשקעות ואחזקות בע""מ",1102375,TASE,אחר,1408,"נדל""ן ובינוי",0,לא מדורג,06/12/10,1.48,שקל חדש,6.75,4.62,"290,072.23",124.40,360.85,1.62,0.02,0.00,,,,,,,,,,,,,,,,,,,,,,,,,,,,,,,,,,,,,,,,,,,,,
,"סאמיט אגח ד- סאמיט אחזקות נדל""ן בע""מ",1092956,TASE,אחר,1060,"נדל""ן ובינוי",0,לא מדורג,10/07/08,1.13,שקל חדש,5.50,-0.21,"51,576.32",135.45,69.86,0.08,0.00,0.00,,,,,,,,,,,,,,,,,,,,,,,,,,,,,,,,,,,,,,,,,,,,,
,"סאני תקשורת אגח יא- סקיילקס קורפוריישן בע""מ",1134493,TASE,אחר,2009,מסחר,0,לא מדורג,02/03/15,4.72,שקל חדש,1.00,4.34,"615,457.58",89.00,547.76,0.30,0.04,0.00,,,,,,,,,,,,,,,,,,,,,,,,,,,,,,,,,,,,,,,,,,,,,
,"פולאר השק אגח ו- פולאר השקעות בע""מ",6980247,TASE,אחר,698,השקעות ואחזקות,0,לא מדורג,27/07/09,0.01,שקל חדש,6.75,0.01,"172,954.56",114.00,197.17,0.18,0.01,0.00,,,,,,,,,,,,,,,,,,,,,,,,,,,,,,,,,,,,,,,,,,,,,
,"צור שמיר אגח ז- צור שמיר אחזקות בע""מ",7300114,TASE,אחר,730,השקעות ואחזקות,0,לא מדורג,11/08/11,0.74,שקל חדש,5.60,0.70,"1,277,829.23",110.13,"1,407.27",1.32,0.10,0.01,,,,,,,,,,,,,,,,,,,,,,,,,,,,,,,,,,,,,,,,,,,,,
,"רשי אגח א- י.רשי בע""מ",1104355,TASE,אחר,1449,"נדל""ן ובינוי",0,לא מדורג,07/09/08,0.79,שקל חדש,2.06,0.01,"88,239.00",13.30,11.74,0.29,0.00,0.00,,,,,,,,,,,,,,,,,,,,,,,,,,,,,,,,,,,,,,,,,,,,,
,"סה""כ לא צמודות",,,,,,,,,3.93,,,1.32,"422,711,876.08",,"442,883.99",,30.31,4.01,,,,,,,,,,,,,,,,,,,,,,,,,,,,,,,,,,,,,,,,,,,,,
,"מזרחי הנפקות 40- מזרחי טפחות חברה להנפקות בע""מ",2310167,TASE,אחר,231,בנקים,AAA,מעלות,29/03/17,7.23,שקל חדש,2.98,0.03,"3,335,751.00",104.31,"3,479.52",0.25,0.24,0.03,,,,,,,,,,,,,,,,,,,,,,,,,,,,,,,,,,,,,,,,,,,,,
,"מזרחי הנפקות אגח 37- מזרחי טפחות חברה להנפקות בע""מ",2310134,TASE,אחר,231,בנקים,AAA,מעלות,01/06/14,3.02,שקל חדש,2.74,0.01,"18,960,572.00",106.91,"20,270.75",0.92,1.39,0.18,,,,,,,,,,,,,,,,,,,,,,,,,,,,,,,,,,,,,,,,,,,,,
,"פועלים הנפקות אגח  30- הפועלים הנפקות בע""מ",1940493,TASE,אחר,194,בנקים,AAA,מעלות,07/09/10,1.64,שקל חדש,2.95,0.01,"12,239,276.00",102.26,"12,515.88",1.95,0.86,0.11,,,,,,,,,,,,,,,,,,,,,,,,,,,,,,,,,,,,,,,,,,,,,
,"פועלים הנפקות אגח 29- הפועלים הנפקות בע""מ",1940485,TASE,אחר,194,בנקים,AAA,מעלות,07/09/10,1.14,שקל חדש,5.90,0.01,"17,117,989.00",108.09,"18,502.83",1.06,1.27,0.17,,,,,,,,,,,,,,,,,,,,,,,,,,,,,,,,,,,,,,,,,,,,,
,"בזק אגח 7- בזק החברה הישראלית לתקשורת בע""מ",2300150,TASE,אחר,230,תקשורת ומדיה,AA,מעלות,09/08/16,3.57,שקל חדש,4.92,0.01,"2,573,407.00",101.36,"2,608.41",0.35,0.18,0.02,,,,,,,,,,,,,,,,,,,,,,,,,,,,,,,,,,,,,,,,,,,,,
,"בזק אגח 9- בזק החברה הישראלית לתקשורת בע""מ",2300176,TASE,אחר,230,תקשורת ומדיה,AA,מעלות,15/10/15,6.55,שקל חדש,3.65,0.03,"19,721,325.00",106.19,"20,942.08",1.79,1.43,0.19,,,,,,,,,,,,,,,,,,,,,,,,,,,,,,,,,,,,,,,,,,,,,
,"דיסקונט מנ הת ט- דיסקונט מנפיקים בע""מ",7480106,TASE,אחר,748,בנקים,AA,מעלות,17/12/09,0.42,שקל חדש,3.22,0.00,"258,587.00",100.97,261.10,0.03,0.02,0.00,,,,,,,,,,,,,,,,,,,,,,,,,,,,,,,,,,,,,,,,,,,,,
,"דיסקונט מנפיקים הת ה- דיסקונט מנפיקים בע""מ",7480031,TASE,אחר,748,בנקים,AA,מעלות,04/02/08,1.42,שקל חדש,6.10,0.01,"310,303.00",107.79,334.48,0.10,0.02,0.00,,,,,,,,,,,,,,,,,,,,,,,,,,,,,,,,,,,,,,,,,,,,,
,"חשמל אגח 28- חברת החשמל לישראל בע""מ",6000228,TASE,אחר,600,חיפושי נפט וגז,AA,מעלות,30/03/17,3.64,שקל חדש,4.50,1.63,"7,583,406.00",110.90,"8,410.00",2.79,0.58,0.08,,,,,,,,,,,,,,,,,,,,,,,,,,,,,,,,,,,,,,,,,,,,,
,"כימיקלים לישראל סד ה- כימיקלים לישראל בע""מ",2810299,TASE,אחר,281,"כימיה, גומי ופלסטיק",AA,מעלות,07/04/16,5.17,שקל חדש,2.45,0.03,"29,463,055.00",99.57,"29,336.36",1.88,2.01,0.27,,,,,,,,,,,,,,,,,,,,,,,,,,,,,,,,,,,,,,,,,,,,,
,"שטראוס    אגח ד- שטראוס גרופ בע""מ",7460363,TASE,אחר,746,מזון,Aa2,מידרוג,12/06/14,4.21,שקל חדש,4.50,0.02,"17,002,158.80",112.19,"19,074.72",3.81,1.31,0.17,,,,,,,,,,,,,,,,,,,,,,,,,,,,,,,,,,,,,,,,,,,,,
,"בי קום אגח ג- בי קומיוניקיישנס בע""מ לשעבר סמייל 012",1139203,TASE,אחר,1422,תקשורת ומדיה,Aa3,מידרוג,19/09/16,6.06,שקל חדש,3.60,3.33,"1,291,553.00",103.71,"1,339.47",0.06,0.09,0.01,,,,,,,,,,,,,,,,,,,,,,,,,,,,,,,,,,,,,,,,,,,,,
,"בי קום אגח ג חסום- בי קומיוניקיישנס בע""מ לשעבר סמייל 012",1139203,TASE,אחר,1422,תקשורת ומדיה,Aa3,מידרוג,16/01/17,6.06,שקל חדש,3.60,3.33,"8,135,294.00",101.27,"8,238.84",0.00,0.56,0.07,,,,,,,,,,,,,,,,,,,,,,,,,,,,,,,,,,,,,,,,,,,,,
,"דקסיה הנ אגח יא- דקסיה ישראל הנפקות בע""מ",1134154,TASE,אחר,1291,בנקים,AA-,מעלות,25/07/16,2.96,שקל חדש,1.05,0.01,"4,146,218.00",99.95,"4,144.14",1.38,0.28,0.04,,,,,,,,,,,,,,,,,,,,,,,,,,,,,,,,,,,,,,,,,,,,,
,"מגדל הון  ה- מגדל ביטוח גיוס הון בע""מ",1139286,TASE,אחר,1597,ביטוח,Aa3,מידרוג,29/09/16,6.46,שקל חדש,3.29,3.15,"19,341,899.00",102.56,"19,837.05",2.15,1.36,0.18,,,,,,,,,,,,,,,,,,,,,,,,,,,,,,,,,,,,,,,,,,,,,
,"פז נפט אגח ג- פז חברת הנפט בע""מ",1114073,TASE,אחר,1363,חיפושי נפט וגז,AA-,מעלות,31/05/09,2.10,שקל חדש,2.30,0.01,"9,466,185.00",102.32,"9,685.80",0.32,0.66,0.09,,,,,,,,,,,,,,,,,,,,,,,,,,,,,,,,,,,,,,,,,,,,,
,"פניקס הון אגח ג- הפניקס גיוסי הון (2009) בע""מ",1120807,TASE,אחר,1527,ביטוח,AA-,מעלות,20/09/10,0.50,שקל חדש,6.00,0.73,"137,284.00",102.63,140.89,0.09,0.01,0.00,,,,,,,,,,,,,,,,,,,,,,,,,,,,,,,,,,,,,,,,,,,,,
,"ביג אגח ו- ביג מרכזי קניות (2004) בע""מ",1132521,TASE,אחר,1327,"נדל""ן ובינוי",A+,מעלות,30/03/17,4.66,שקל חדש,3.50,2.26,"4,376,844.00",106.82,"4,675.34",4.33,0.32,0.04,,,,,,,,,,,,,,,,,,,,,,,,,,,,,,,,,,,,,,,,,,,,,
,"טמפו משקאות אגח א- טמפו משקאות בע""מ",1118306,TASE,אחר,1535,מזון,A1,מידרוג,25/01/17,1.84,שקל חדש,5.55,1.55,"1,105,957.50",108.00,"1,194.43",3.07,0.08,0.01,,,,,,,,,,,,,,,,,,,,,,,,,,,,,,,,,,,,,,,,,,,,,
,"ישרס אגח יא- ישרס חברה להשקעות בע""מ",6130165,TASE,אחר,613,"נדל""ן ובינוי",A1,מידרוג,16/01/13,1.67,שקל חדש,7.20,1.32,"2,097,114.63",111.91,"2,346.88",0.91,0.16,0.02,,,,,,,,,,,,,,,,,,,,,,,,,,,,,,,,,,,,,,,,,,,,,
,"ישרס אגח יד- ישרס חברה להשקעות בע""מ",6130199,TASE,אחר,613,"נדל""ן ובינוי",A1,מידרוג,14/07/15,5.40,שקל חדש,5.05,3.16,"14,988,788.07",111.00,"16,637.55",2.64,1.14,0.15,,,,,,,,,,,,,,,,,,,,,,,,,,,,,,,,,,,,,,,,,,,,,
,"ממן אגח ב- ממן-מסופי מטען וניטול בע""מ",2380046,TASE,אחר,238,שירותים,A+,מעלות,27/11/14,3.75,שקל חדש,2.95,2.03,"3,073,961.43",104.25,"3,204.60",1.07,0.22,0.03,,,,,,,,,,,,,,,,,,,,,,,,,,,,,,,,,,,,,,,,,,,,,
,נייר חדרה אג 5- נייר חדרה לשעבר מפעלי נייר,6320097,TASE,אחר,632,"עץ, נייר ודפוס",A+,מעלות,06/07/11,0.65,שקל חדש,5.85,0.01,"3,352,060.50",105.10,"3,523.02",3.21,0.24,0.03,,,,,,,,,,,,,,,,,,,,,,,,,,,,,,,,,,,,,,,,,,,,,
,נייר חדרה אגח 6- נייר חדרה לשעבר מפעלי נייר,6320105,TASE,אחר,632,"עץ, נייר ודפוס",A+,מעלות,27/06/13,4.60,שקל חדש,5.89,0.03,"3,544,019.92",117.08,"4,149.34",0.69,0.28,0.04,,,,,,,,,,,,,,,,,,,,,,,,,,,,,,,,,,,,,,,,,,,,,
,"סלקום אגח ז- סלקום ישראל בע""מ",1126002,TASE,אחר,2066,תקשורת ומדיה,A+,מעלות,23/05/12,1.10,שקל חדש,6.74,1.05,"3,714,961.60",108.36,"4,025.53",1.63,0.28,0.04,,,,,,,,,,,,,,,,,,,,,,,,,,,,,,,,,,,,,,,,,,,,,
,"סלקום אגח ט- סלקום ישראל בע""מ",1132836,TASE,אחר,2066,תקשורת ומדיה,A+,מעלות,10/07/14,4.57,שקל חדש,4.14,2.53,"7,028,639.00",108.57,"7,630.99",0.87,0.52,0.07,,,,,,,,,,,,,,,,,,,,,,,,,,,,,,,,,,,,,,,,,,,,,
,"סלקום י""א 3.55%- סלקום ישראל בע""מ",1139252,TASE,אחר,2066,תקשורת ומדיה,A+,מעלות,25/12/16,6.15,שקל חדש,3.55,3.20,"1,672,933.00",103.18,"1,726.13",0.55,0.12,0.02,,,,,,,,,,,,,,,,,,,,,,,,,,,,,,,,,,,,,,,,,,,,,
,"פרטנר אגח ד- חברת פרטנר תקשורת בע""מ",1118835,TASE,אחר,2095,תקשורת ומדיה,A+,מעלות,03/08/11,2.70,שקל חדש,1.86,0.01,"14,221,347.00",100.39,"14,276.81",2.60,0.98,0.13,,,,,,,,,,,,,,,,,,,,,,,,,,,,,,,,,,,,,,,,,,,,,
,"פרטנר אגח ה- חברת פרטנר תקשורת בע""מ",1118843,TASE,אחר,2095,תקשורת ומדיה,A+,מעלות,25/04/10,0.73,שקל חדש,5.50,0.94,"2,610,906.00",104.78,"2,735.71",2.15,0.19,0.02,,,,,,,,,,,,,,,,,,,,,,,,,,,,,,,,,,,,,,,,,,,,,
,"קרסו מוטורס אגח ב ( חסום)- קרסו מוטורס בע""מ",1139591,TASE,אחר,1585,מסחר,A1,מידרוג,22/01/17,3.53,שקל חדש,2.40,2.25,"6,739,832.40",100.61,"6,781.21",2.68,0.46,0.06,,,,,,,,,,,,,,,,,,,,,,,,,,,,,,,,,,,,,,,,,,,,,
,"שופרסל אגח ה- שופר-סל בע""מ",7770209,TASE,אחר,777,מסחר,A+,מעלות,08/10/13,5.61,שקל חדש,5.09,0.03,"7,097,177.00",114.95,"8,158.20",0.86,0.56,0.07,,,,,,,,,,,,,,,,,,,,,,,,,,,,,,,,,,,,,,,,,,,,,
,"שפיר הנדסה  אג""ח א- שפיר הנדסה ותעשיה בע""מ",1136134,TASE,אחר,1633,מתכת ומוצרי בניה,A+,מעלות,05/08/15,4.18,שקל חדש,3.35,2.39,"7,565,182.30",104.05,"7,871.57",1.22,0.54,0.07,,,,,,,,,,,,,,,,,,,,,,,,,,,,,,,,,,,,,,,,,,,,,
,"אפריקה ישראל ג- אפריקה ישראל מגורים בע""מ",1135698,TASE,אחר,1338,"נדל""ן ובינוי",A2,מידרוג,26/05/15,3.64,שקל חדש,3.90,0.03,"1,476,629.65",104.27,"1,539.68",0.61,0.11,0.01,,,,,,,,,,,,,,,,,,,,,,,,,,,,,,,,,,,,,,,,,,,,,
,"גירון אגח ה- גירון פיתוח ובניה בע""מ",1133784,TASE,אחר,1130,"נדל""ן ובינוי",A2,מידרוג,24/11/14,5.20,שקל חדש,3.50,2.60,"3,281,978.00",106.05,"3,480.54",2.98,0.24,0.03,,,,,,,,,,,,,,,,,,,,,,,,,,,,,,,,,,,,,,,,,,,,,
,"דלק קב   אגח לא- קבוצת דלק בע""מ",1134790,TASE,אחר,1095,השקעות ואחזקות,A,מעלות,22/02/15,5.39,שקל חדש,4.30,0.04,"28,378,544.00",102.79,"29,170.31",0.87,2.00,0.26,,,,,,,,,,,,,,,,,,,,,,,,,,,,,,,,,,,,,,,,,,,,,
,"דלק קב אגח טו- קבוצת דלק בע""מ",1115070,TASE,אחר,1095,השקעות ואחזקות,A2,מידרוג,04/11/09,0.52,שקל חדש,8.50,0.87,"1,062,567.00",108.01,"1,147.68",0.39,0.08,0.01,,,,,,,,,,,,,,,,,,,,,,,,,,,,,,,,,,,,,,,,,,,,,
,"דלק קבוצה  לג- קבוצת דלק בע""מ",1138882,TASE,אחר,1095,השקעות ואחזקות,A,מעלות,31/07/16,4.48,שקל חדש,2.80,2.80,"13,355,767.00",100.70,"13,449.26",1.90,0.92,0.12,,,,,,,,,,,,,,,,,,,,,,,,,,,,,,,,,,,,,,,,,,,,,
,"דלק קבוצה אגח לב- קבוצת דלק בע""מ",1138874,TASE,אחר,1095,השקעות ואחזקות,A,מעלות,03/08/16,2.23,שקל חדש,1.72,1.91,"12,662,238.00",100.00,"12,662.24",3.08,0.87,0.11,,,,,,,,,,,,,,,,,,,,,,,,,,,,,,,,,,,,,,,,,,,,,
,"דמרי אגח ה- י.ח.דמרי בניה ופיתוח בע""מ",1134261,TASE,אחר,1193,"נדל""ן ובינוי",A2,מידרוג,28/01/15,2.01,שקל חדש,3.50,2.22,"2,365,743.00",103.51,"2,448.78",1.45,0.17,0.02,,,,,,,,,,,,,,,,,,,,,,,,,,,,,,,,,,,,,,,,,,,,,
,"לוינשטיין הנדסה אגח ג- משולם לוינשטין הנדסה וקבלנות בע""מ",5730080,TASE,אחר,573,"נדל""ן ובינוי",A,מעלות,21/09/14,3.15,שקל חדש,3.80,2.34,"310,000.00",104.65,324.42,0.11,0.02,0.00,,,,,,,,,,,,,,,,,,,,,,,,,,,,,,,,,,,,,,,,,,,,,
,"מגה אור אגח ה- מגה אור החזקות בע""מ",1132687,TASE,אחר,1450,"נדל""ן ובינוי",A,מעלות,25/06/14,4.67,שקל חדש,3.70,2.39,"5,055,521.26",107.21,"5,420.02",2.03,0.37,0.05,,,,,,,,,,,,,,,,,,,,,,,,,,,,,,,,,,,,,,,,,,,,,
,"שנפ       אגח ב- מפעלי ע. שנפ ושות' בע""מ",1140086,TASE,אחר,1427,חשמל,A2,מידרוג,27/02/17,4.07,שקל חדש,2.25,2.28,"4,978,261.00",100.21,"4,988.72",5.96,0.34,0.05,,,,,,,,,,,,,,,,,,,,,,,,,,,,,,,,,,,,,,,,,,,,,
,"אורון אגח א- קבוצת אורון אחזקות והשקעות בע""מ",1135714,TASE,אחר,1644,"נדל""ן ובינוי",A-,מעלות,28/05/15,2.15,שקל חדש,3.95,2.26,"3,688,641.00",104.55,"3,856.47",5.27,0.26,0.03,,,,,,,,,,,,,,,,,,,,,,,,,,,,,,,,,,,,,,,,,,,,,
,"אלומיי קפיטל אגח ב- אלומיי קפיטל בע""מ",1140326,TASE,אחר,2101,קלינטק,A-,מעלות,14/03/17,4.54,שקל חדש,3.44,3.41,"2,174,000.00",100.45,"2,183.78",1.76,0.15,0.02,,,,,,,,,,,,,,,,,,,,,,,,,,,,,,,,,,,,,,,,,,,,,
,אפקון אגח ג חסום,5780093,TASE,אחר,578,חשמל,A3,מידרוג,01/03/17,1.68,שקל חדש,5.70,1.21,"2,963,000.00",107.87,"3,196.28",0.00,0.22,0.03,,,,,,,,,,,,,,,,,,,,,,,,,,,,,,,,,,,,,,,,,,,,,
,"ויקטורי אגח א- ויקטורי רשת סופרמרקטים בע""מ",1136126,TASE,אחר,1583,מסחר,A3,מידרוג,03/08/15,3.21,שקל חדש,3.50,2.49,"1,264,970.87",103.60,"1,310.51",1.20,0.09,0.01,,,,,,,,,,,,,,,,,,,,,,,,,,,,,,,,,,,,,,,,,,,,,
,"פריון נטוורק אגח יב- פריון נטוורק בע""מ לשעבר אינקרדימייל",1133537,TASE,אחר,2240,תוכנה ואינטרנט,A-,מעלות,29/09/14,1.91,שקל חדש,5.00,4.26,"775,149.75",101.50,786.78,0.90,0.05,0.01,,,,,,,,,,,,,,,,,,,,,,,,,,,,,,,,,,,,,,,,,,,,,
,"בזן אגח ד- בתי זקוק לנפט בע""מ",2590362,TASE,אחר,259,חיפושי נפט וגז,BBB+,מעלות,24/11/14,2.75,שקל חדש,6.00,2.45,"4,158,507.20",111.60,"4,640.89",0.68,0.32,0.04,,,,,,,,,,,,,,,,,,,,,,,,,,,,,,,,,,,,,,,,,,,,,
,"בזן אגח ה- בתי זקוק לנפט בע""מ",2590388,TASE,אחר,259,חיפושי נפט וגז,BBB+,מעלות,03/06/15,4.80,שקל חדש,5.90,0.03,"14,328,183.00",114.39,"16,390.01",2.01,1.12,0.15,,,,,,,,,,,,,,,,,,,,,,,,,,,,,,,,,,,,,,,,,,,,,
,"בית הזהב אגח ב- בית-הזהב בע""מ",2350072,TASE,אחר,235,"נדל""ן ובינוי",BBB+,מעלות,29/12/16,4.37,שקל חדש,5.05,3.14,"1,282,044.00",109.44,"1,403.07",1.99,0.10,0.01,,,,,,,,,,,,,,,,,,,,,,,,,,,,,,,,,,,,,,,,,,,,,
,"בית הזהב אגח ג- בית-הזהב בע""מ",2350080,TASE,אחר,235,"נדל""ן ובינוי",BBB+,מעלות,26/06/16,5.07,שקל חדש,3.55,3.29,"6,458,390.00",102.98,"6,650.85",7.07,0.46,0.06,,,,,,,,,,,,,,,,,,,,,,,,,,,,,,,,,,,,,,,,,,,,,
,"צמח המרמן אגח ב- צ.מ.ח המרמן בע""מ",1119031,TASE,אחר,1442,"נדל""ן ובינוי",Baa1,מידרוג,29/12/10,0.16,שקל חדש,9.21,2.34,"64,562.00",101.50,65.53,0.36,0.00,0.00,,,,,,,,,,,,,,,,,,,,,,,,,,,,,,,,,,,,,,,,,,,,,
,צרפתי אגח ח חסום,4250189,TASE,אחר,425,"נדל""ן ובינוי",BBB+,מעלות,16/02/17,2.67,שקל חדש,3.95,2.82,"4,146,000.00",101.07,"4,190.20",0.00,0.29,0.04,,,,,,,,,,,,,,,,,,,,,,,,,,,,,,,,,,,,,,,,,,,,,
,"רבד אגח ב- רבד בע""מ",5260088,TASE,אחר,526,"נדל""ן ובינוי",Baa1,מידרוג,17/06/15,3.22,שקל חדש,5.55,3.55,"1,276,828.32",106.57,"1,360.72",1.39,0.09,0.01,,,,,,,,,,,,,,,,,,,,,,,,,,,,,,,,,,,,,,,,,,,,,
,"רבד אגח ג- רבד בע""מ",5260096,TASE,אחר,526,"נדל""ן ובינוי",Baa1,מידרוג,02/11/15,4.67,שקל חדש,5.75,4.12,"4,074,389.40",108.40,"4,416.64",5.19,0.30,0.04,,,,,,,,,,,,,,,,,,,,,,,,,,,,,,,,,,,,,,,,,,,,,
,"רגנסי אגח א'- מלון רג'נסי ירושלים בע""מ",5510029,TASE,אחר,551,"נדל""ן ובינוי",BBB+,מעלות,31/12/13,1.65,שקל חדש,6.50,3.44,"221,969.90",106.91,237.31,0.44,0.02,0.00,,,,,,,,,,,,,,,,,,,,,,,,,,,,,,,,,,,,,,,,,,,,,
,"אאורה אגח ח- אאורה השקעות בע""מ",3730355,TASE,אחר,373,"נדל""ן ובינוי",BBB,מעלות,26/06/14,1.27,שקל חדש,6.00,1.79,"911,604.24",105.40,960.83,1.09,0.07,0.01,,,,,,,,,,,,,,,,,,,,,,,,,,,,,,,,,,,,,,,,,,,,,
,"*פולאר תקש אגח ג- פולאר תקשורת בע""מ",1139278,TASE,אחר,1087,השקעות ואחזקות,0,לא מדורג,27/09/16,4.61,שקל חדש,5.49,4.23,"6,001,043.00",109.00,"6,541.14",4.45,0.45,0.06,,,,,,,,,,,,,,,,,,,,,,,,,,,,,,,,,,,,,,,,,,,,,
,אורבנקורפ אגח א,1137041,TASE,אחר,1656,"נדל""ן ובינוי",0,לא מדורג,30/11/16,1.56,שקל חדש,8.15,0.01,"2,927,454.00",63.00,"1,844.30",0.00,0.13,0.02,,,,,,,,,,,,,,,,,,,,,,,,,,,,,,,,,,,,,,,,,,,,,
,"איאסאראר אגח יח- אי אס אר אר קפיטל בע""מ לשעבר יורוקום",3650140,TASE,אחר,365,"נדל""ן ובינוי",0,לא מדורג,26/03/17,4.32,שקל חדש,4.80,4.81,"2,428,000.00",100.31,"2,435.53",2.24,0.17,0.02,,,,,,,,,,,,,,,,,,,,,,,,,,,,,,,,,,,,,,,,,,,,,
,"איתמר אגח יב- איתמר מדיקל בע""מ",1127919,TASE,אחר,1411,מכשור רפואי,0,לא מדורג,06/03/13,0.89,שקל חדש,8.65,4.27,"1,329,119.00",104.70,"1,391.59",3.49,0.10,0.01,,,,,,,,,,,,,,,,,,,,,,,,,,,,,,,,,,,,,,,,,,,,,
,"ארקו אגח ג- ארקו החזקות בע""מ",3100245,TASE,אחר,310,חיפושי נפט וגז,0,לא מדורג,27/06/16,4.24,שקל חדש,4.85,3.81,"5,749,345.00",105.81,"6,083.38",3.32,0.42,0.06,,,,,,,,,,,,,,,,,,,,,,,,,,,,,,,,,,,,,,,,,,,,,
,"ארקו אגח ג' חסום- ארקו החזקות בע""מ",3100245,TASE,אחר,310,חיפושי נפט וגז,0,לא מדורג,26/02/17,4.24,שקל חדש,4.85,3.81,"1,483,000.00",104.45,"1,548.92",1.07,0.11,0.01,,,,,,,,,,,,,,,,,,,,,,,,,,,,,,,,,,,,,,,,,,,,,
,"ב. יאיר סד' 11- ב.יאיר חברה קבלנית לעבודות בניה 1988 בע""מ",1128776,TASE,אחר,1289,"נדל""ן ובינוי",0,לא מדורג,17/06/13,0.16,שקל חדש,7.50,2.15,"184,894.24",103.40,191.18,1.11,0.01,0.00,,,,,,,,,,,,,,,,,,,,,,,,,,,,,,,,,,,,,,,,,,,,,
,"ב.יאיר   אגח 14- ב.יאיר חברה קבלנית לעבודות בניה 1988 בע""מ",1138817,TASE,אחר,1289,"נדל""ן ובינוי",0,לא מדורג,24/07/16,0.35,שקל חדש,2.90,1.15,"1,778,414.00",102.65,"1,825.54",3.56,0.12,0.02,,,,,,,,,,,,,,,,,,,,,,,,,,,,,,,,,,,,,,,,,,,,,
,"בוני תיכון אגח ט- בוני התיכון הנדסה אזרחית ותשתיות בע""מ",5310123,TASE,אחר,531,"נדל""ן ובינוי",0,לא מדורג,21/04/16,0.84,שקל חדש,5.30,0.86,"2,571,371.55",103.77,"2,668.31",6.58,0.18,0.02,,,,,,,,,,,,,,,,,,,,,,,,,,,,,,,,,,,,,,,,,,,,,
,"חלל תקש אגח ו- חלל-תקשורת בע""מ",1135151,TASE,אחר,1132,תקשורת ומדיה,0,לא מדורג,04/09/16,3.87,שקל חדש,4.00,3.14,"1,079,916.00",107.00,"1,155.51",0.55,0.08,0.01,,,,,,,,,,,,,,,,,,,,,,,,,,,,,,,,,,,,,,,,,,,,,
,"חנן מור אגח ה- קבוצת חנן מור אחזקות בע""מ",1129535,TASE,אחר,1331,"נדל""ן ובינוי",0,לא מדורג,06/01/15,1.17,שקל חדש,7.60,2.07,"998,932.88",108.49,"1,083.74",1.59,0.07,0.01,,,,,,,,,,,,,,,,,,,,,,,,,,,,,,,,,,,,,,,,,,,,,
,מירלנד אגח ז- מירלנד דיוולופמנט קורפריישן פיי אל סי,1139559,TASE,אחר,1502,"נדל""ן ובינוי",0,לא מדורג,21/12/16,5.52,שקל חדש,1.00,0.07,"941,490.07",71.24,670.72,0.55,0.05,0.01,,,,,,,,,,,,,,,,,,,,,,,,,,,,,,,,,,,,,,,,,,,,,
,מליבו אגח ג- מליבו אינווסט.,1139302,TASE,אחר,1378,"נדל""ן ובינוי",0,לא מדורג,05/10/16,3.21,שקל חדש,6.15,5.27,"3,055,118.00",103.01,"3,147.08",4.28,0.22,0.03,,,,,,,,,,,,,,,,,,,,,,,,,,,,,,,,,,,,,,,,,,,,,
,"נפטא אגח ז- נפטא חברה ישראלית לנפט בע""מ",6430136,TASE,אחר,643,חיפושי נפט וגז,0,לא מדורג,17/12/12,0.66,שקל חדש,5.70,0.87,"5,110,487.00",105.10,"5,371.12",5.02,0.37,0.05,,,,,,,,,,,,,,,,,,,,,,,,,,,,,,,,,,,,,,,,,,,,,
,"נתנאל גרופ אג 3- נתנאל גרופ בע""מ",4210118,TASE,אחר,421,"נדל""ן ובינוי",0,לא מדורג,25/06/14,1.59,שקל חדש,6.00,-0.28,"1,983,941.00",112.00,"2,222.01",3.95,0.15,0.02,,,,,,,,,,,,,,,,,,,,,,,,,,,,,,,,,,,,,,,,,,,,,
,"נתנאל גרופ אגח ד- נתנאל גרופ בע""מ",4210092,TASE,אחר,421,"נדל""ן ובינוי",0,לא מדורג,16/07/14,1.48,שקל חדש,7.90,1.28,"465,157.60",110.00,511.67,1.16,0.04,0.00,,,,,,,,,,,,,,,,,,,,,,,,,,,,,,,,,,,,,,,,,,,,,
,"פטרוכימיים אגח ג'- מפעלים פטרוכימיים בישראל בע""מ",7560055,TASE,אחר,756,חיפושי נפט וגז,0,לא מדורג,12/08/11,5.85,שקל חדש,6.70,0.19,"140,382.00",59.22,83.13,0.13,0.01,0.00,,,,,,,,,,,,,,,,,,,,,,,,,,,,,,,,,,,,,,,,,,,,,
,"פרשקובסקי אגח ז- פרשקובסקי השקעות ובניין בע""מ",1135581,TASE,אחר,1330,"נדל""ן ובינוי",0,לא מדורג,07/05/15,1.68,שקל חדש,4.95,1.84,"1,650,000.00",106.59,"1,758.74",2.89,0.12,0.02,,,,,,,,,,,,,,,,,,,,,,,,,,,,,,,,,,,,,,,,,,,,,
,"פרשקובסקי אגח ח- פרשקובסקי השקעות ובניין בע""מ",1138296,TASE,אחר,1330,"נדל""ן ובינוי",0,לא מדורג,19/04/16,1.34,שקל חדש,3.40,2.33,"5,563,850.00",102.32,"5,692.93",8.83,0.39,0.05,,,,,,,,,,,,,,,,,,,,,,,,,,,,,,,,,,,,,,,,,,,,,
,"פרשקובסקי אגח ט- פרשקובסקי השקעות ובניין בע""מ",1138890,TASE,אחר,1330,"נדל""ן ובינוי",0,לא מדורג,03/08/16,1.17,שקל חדש,2.80,1.68,"2,280,485.00",101.57,"2,316.29",2.26,0.16,0.02,,,,,,,,,,,,,,,,,,,,,,,,,,,,,,,,,,,,,,,,,,,,,
,"סה""כ צמודות למט""ח",,,,,,,,,4.10,,,1.65,"27,366,205.80",,"28,339.23",,1.94,0.26,,,,,,,,,,,,,,,,,,,,,,,,,,,,,,,,,,,,,,,,,,,,,
,אבנר אגח א- אבנר חיפושי נפט וגז - שותפות מוגבלת,2680130,TASE,אחר,268,חיפושי נפט וגז,A1,מידרוג,28/12/16,4.29,שקל חדש,4.50,3.61,"4,813,626.00",99.96,"4,811.70",0.63,0.33,0.04,,,,,,,,,,,,,,,,,,,,,,,,,,,,,,,,,,,,,,,,,,,,,
,דלק קידוחים אגח א- דלק קידוחים - שותפות מוגבלת,4750089,TASE,אחר,475,חיפושי נפט וגז,A1,מידרוג,28/12/16,4.29,שקל חדש,4.50,3.73,"5,021,266.00",99.47,"4,994.65",0.65,0.34,0.05,,,,,,,,,,,,,,,,,,,,,,,,,,,,,,,,,,,,,,,,,,,,,
,"בזן אגח ו- בתי זקוק לנפט בע""מ",2590396,TASE,אחר,259,חיפושי נפט וגז,BBB+,מעלות,03/06/15,4.37,שקל חדש,6.70,0.04,"15,382,057.00",105.10,"16,166.54",1.28,1.11,0.15,,,,,,,,,,,,,,,,,,,,,,,,,,,,,,,,,,,,,,,,,,,,,
,"אורביט אגח ו להמרה- אורביט-אלחוט טכנולוגיות בע""מ",2650125,TASE,אחר,265,ביטחוניות,0,לא מדורג,17/04/14,1.44,שקל חדש,6.25,4.20,"2,149,256.80",110.10,"2,366.33",6.25,0.16,0.02,,,,,,,,,,,,,,,,,,,,,,,,,,,,,,,,,,,,,,,,,,,,,
,"סה""כ אחר",,,,,,,,,0.00,,,0.00,0.00,,0.00,,0.00,0.00,,,,,,,,,,,,,,,,,,,,,,,,,,,,,,,,,,,,,,,,,,,,,
,0,0,,,,0,0,,,0.00,0,0.00,0.00,0.00,0.00,0.00,0.00,0.00,0.00,,,,,,,,,,,,,,,,,,,,,,,,,,,,,,,,,,,,,,,,,,,,,
,"סה""כ בחו""ל",,,,,,,,,4.30,,,2.67,"29,062,700.00",,"107,628.09",,7.37,0.97,,,,,,,,,,,,,,,,,,,,,,,,,,,,,,,,,,,,,,,,,,,,,
,"סה""כ חברות ישראליות בחו""ל",,,,,,,,,5.13,,,1.09,"15,214,000.00",,"55,664.82",,3.81,0.50,,,,,,,,,,,,,,,,,,,,,,,,,,,,,,,,,,,,,,,,,,,,,
,"TEVA 0 1/2 07/28/22- טבע תעשיות פרמצבטיות בע""מ",CH0333827498,אחר,בלומברג,629,Pharmaceuticals & Biotechnology,Baa2,Moodys,24/07/16,5.26,פרנק שווצרי,0.50,0.41,"5,654,000.00",100.83,"20,681.80",1.62,1.42,0.19,,,,,,,,,,,,,,,,,,,,,,,,,,,,,,,,,,,,,,,,,,,,,
,"TEVA 1 28/07/25- טבע תעשיות פרמצבטיות בע""מ",CH0333827506,אחר,בלומברג,629,Pharmaceuticals & Biotechnology,Baa2,Moodys,24/07/16,7.99,פרנק שווצרי,1.00,0.97,"5,654,000.00",100.90,"20,697.01","1,615.43",1.42,0.19,,,,,,,,,,,,,,,,,,,,,,,,,,,,,,,,,,,,,,,,,,,,,
,"Israel Elec Float  2018- חברת החשמל לישראל בע""מ",XS0335444724,NYSE,בלומברג,600,Energy,BBB-,S&P,09/11/16,0.80,דולר אמריקאי,2.65,2.25,"3,906,000.00",101.17,"14,286.00",1.56,0.98,0.13,,,,,,,,,,,,,,,,,,,,,,,,,,,,,,,,,,,,,,,,,,,,,
,"סה""כ חברות זרות בחו""ל",,,,,,,,,3.42,,,4.37,"13,848,700.00",,"51,963.28",,3.56,0.47,,,,,,,,,,,,,,,,,,,,,,,,,,,,,,,,,,,,,,,,,,,,,
,NAB 5 01/17/20- NATIONAL AUSTRALIA,XS1014094061,אחר,בלומברג,10298,Banks,AA-,S&P,14/01/14,2.67,דולר אוסטרלי,5.00,2.81,"1,964,000.00",106.81,"5,817.24",1.12,0.40,0.05,,,,,,,,,,,,,,,,,,,,,,,,,,,,,,,,,,,,,,,,,,,,,
,BCRE-Brack Capital 6.5% 05/12/22- BRACK CAPITAL Real Estate ln,XS1150681135,אחר,בלומברג,11242,Real Estate,A2,מידרוג,01/12/14,3.09,דולר אמריקאי,6.50,6.09,"8,336,700.00",103.56,"31,209.55",0.00,2.14,0.28,,,,,,,,,,,,,,,,,,,,,,,,,,,,,,,,,,,,,,,,,,,,,
,03/05/22  ALATPF 1.5%,XS1403685636,אחר,בלומברג,4087,Real Estate,BBB,S&P,03/05/16,4.88,אירו,1.50,1.45,"849,000.00",101.62,"3,349.29",0.14,0.23,0.03,,,,,,,,,,,,,,,,,,,,,,,,,,,,,,,,,,,,,,,,,,,,,
,ALATPF 2.125 13/03/23- ATF NETHERLANDS BV,XS1532877757,אחר,בלומברג,4087,Real Estate,BBB,S&P,07/12/16,5.66,אירו,2.13,1.85,"1,442,000.00",101.65,"5,690.04",0.29,0.39,0.05,,,,,,,,,,,,,,,,,,,,,,,,,,,,,,,,,,,,,,,,,,,,,
,MKTLN 2% 31.3.2020- MARKET TECH,XS1209164919,אחר,בלומברג,27045,Real Estate,0,לא מדורג,25/03/15,2.91,לירה שטרלינג,2.00,0.86,"1,257,000.00",104.34,"5,897.16","1,117.33",0.40,0.05,,,,,,,,,,,,,,,,,,,,,,,,,,,,,,,,,,,,,,,,,,,,,
,בעל ענין/צד קשור *,,,,,,,,,,,,,,,,,,,,,,,,,,,,,,,,,,,,,,,,,,,,,,,,,,,,,,,,,,,,,,,
,,,,,,,,,,,,,,,,,,,,,,,,,,,,,,,,,,,,,,,,,,,,,,,,,,,,,,,,,,,,,,,,
,,,,,,,,,,,,,,,,,,,,,,,,,,,,,,,,,,,,,,,,,,,,,,,,,,,,,,,,,,,,,,,,
,,,,,,,,,,,,,,,,,,,,,,,,,,,,,,,,,,,,,,,,,,,,,,,,,,,,,,,,,,,,,,,,
,,,,,,,,,,,,,,,,,,,,,,,,,,,,,,,,,,,,,,,,,,,,,,,,,,,,,,,,,,,,,,,,
,,,,,,,,,,,,,,,,,,,,,,,,,,,,,,,,,,,,,,,,,,,,,,,,,,,,,,,,,,,,,,,,
,,,,,,,,,,,,,,,,,,,,,,,,,,,,,,,,,,,,,,,,,,,,,,,,,,,,,,,,,,,,,,,,
,,,,,,,,,,,,,,,,,,,,,,,,,,,,,,,,,,,,,,,,,,,,,,,,,,,,,,,,,,,,,,,,
,,,,,,,,,,,,,,,,,,,,,,,,,,,,,,,,,,,,,,,,,,,,,,,,,,,,,,,,,,,,,,,,
,,,,,,,,,,,,,,,,,,,,,,,,,,,,,,,,,,,,,,,,,,,,,,,,,,,,,,,,,,,,,,,,
,,,,,,,,,,,,,,,,,,,,,,,,,,,,,,,,,,,,,,,,,,,,,,,,,,,,,,,,,,,,,,,,
,,,,,,,,,,,,,,,,,,,,,,,,,,,,,,,,,,,,,,,,,,,,,,,,,,,,,,,,,,,,,,,,
,,,,,,,,,,,,,,,,,,,,,,,,,,,,,,,,,,,,,,,,,,,,,,,,,,,,,,,,,,,,,,,,
,,,,,,,,,,,,,,,,,,,,,,,,,,,,,,,,,,,,,,,,,,,,,,,,,,,,,,,,,,,,,,,,
,,,,,,,,,,,,,,,,,,,,,,,,,,,,,,,,,,,,,,,,,,,,,,,,,,,,,,,,,,,,,,,,
,,,,,,,,,,,,,,,,,,,,,,,,,,,,,,,,,,,,,,,,,,,,,,,,,,,,,,,,,,,,,,,,
,,,,,,,,,,,,,,,,,,,,,,,,,,,,,,,,,,,,,,,,,,,,,,,,,,,,,,,,,,,,,,,,
,,,,,,,,,,,,,,,,,,,,,,,,,,,,,,,,,,,,,,,,,,,,,,,,,,,,,,,,,,,,,,,,
,,,,,,,,,,,,,,,,,,,,,,,,,,,,,,,,,,,,,,,,,,,,,,,,,,,,,,,,,,,,,,,,
,,,,,,,,,,,,,,,,,,,,,,,,,,,,,,,,,,,,,,,,,,,,,,,,,,,,,,,,,,,,,,,,
,,,,,,,,,,,,,,,,,,,,,,,,,,,,,,,,,,,,,,,,,,,,,,,,,,,,,,,,,,,,,,,,
,,,,,,,,,,,,,,,,,,,,,,,,,,,,,,,,,,,,,,,,,,,,,,,,,,,,,,,,,,,,,,,,
,,,,,,,,,,,,,,,,,,,,,,,,,,,,,,,,,,,,,,,,,,,,,,,,,,,,,,,,,,,,,,,,
,,,,,,,,,,,,,,,,,,,,,,,,,,,,,,,,,,,,,,,,,,,,,,,,,,,,,,,,,,,,,,,,
,,,,,,,,,,,,,,,,,,,,,,,,,,,,,,,,,,,,,,,,,,,,,,,,,,,,,,,,,,,,,,,,
,,,,,,,,,,,,,,,,,,,,,,,,,,,,,,,,,,,,,,,,,,,,,,,,,,,,,,,,,,,,,,,,
,,,,,,,,,,,,,,,,,,,,,,,,,,,,,,,,,,,,,,,,,,,,,,,,,,,,,,,,,,,,,,,,
,,,,,,,,,,,,,,,,,,,,,,,,,,,,,,,,,,,,,,,,,,,,,,,,,,,,,,,,,,,,,,,,
,,,,,,,,,,,,,,,,,,,,,,,,,,,,,,,,,,,,,,,,,,,,,,,,,,,,,,,,,,,,,,,,
,,,,,,,,,,,,,,,,,,,,,,,,,,,,,,,,,,,,,,,,,,,,,,,,,,,,,,,,,,,,,,,,
,,,,,,,,,,,,,,,,,,,,,,,,,,,,,,,,,,,,,,,,,,,,,,,,,,,,,,,,,,,,,,,,
,,,,,,,,,,,,,,,,,,,,,,,,,,,,,,,,,,,,,,,,,,,,,,,,,,,,,,,,,,,,,,,,
,,,,,,,,,,,,,,,,,,,,,,,,,,,,,,,,,,,,,,,,,,,,,,,,,,,,,,,,,,,,,,,,
,,,,,,,,,,,,,,,,,,,,,,,,,,,,,,,,,,,,,,,,,,,,,,,,,,,,,,,,,,,,,,,,
,,,,,,,,,,,,,,,,,,,,,,,,,,,,,,,,,,,,,,,,,,,,,,,,,,,,,,,,,,,,,,,,
,,,,,,,,,,,,,,,,,,,,,,,,,,,,,,,,,,,,,,,,,,,,,,,,,,,,,,,,,,,,,,,,
,,,,,,,,,,,,,,,,,,,,,,,,,,,,,,,,,,,,,,,,,,,,,,,,,,,,,,,,,,,,,,,,
,,,,,,,,,,,,,,,,,,,,,,,,,,,,,,,,,,,,,,,,,,,,,,,,,,,,,,,,,,,,,,,,
,,,,,,,,,,,,,,,,,,,,,,,,,,,,,,,,,,,,,,,,,,,,,,,,,,,,,,,,,,,,,,,,
,,,,,,,,,,,,,,,,,,,,,,,,,,,,,,,,,,,,,,,,,,,,,,,,,,,,,,,,,,,,,,,,
,,,,,,,,,,,,,,,,,,,,,,,,,,,,,,,,,,,,,,,,,,,,,,,,,,,,,,,,,,,,,,,,
,,,,,,,,,,,,,,,,,,,,,,,,,,,,,,,,,,,,,,,,,,,,,,,,,,,,,,,,,,,,,,,,
,,,,,,,,,,,,,,,,,,,,,,,,,,,,,,,,,,,,,,,,,,,,,,,,,,,,,,,,,,,,,,,,
,,,,,,,,,,,,,,,,,,,,,,,,,,,,,,,,,,,,,,,,,,,,,,,,,,,,,,,,,,,,,,,,
,,,,,,,,,,,,,,,,,,,,,,,,,,,,,,,,,,,,,,,,,,,,,,,,,,,,,,,,,,,,,,,,
,,,,,,,,,,,,,,,,,,,,,,,,,,,,,,,,,,,,,,,,,,,,,,,,,,,,,,,,,,,,,,,,
,,,,,,,,,,,,,,,,,,,,,,,,,,,,,,,,,,,,,,,,,,,,,,,,,,,,,,,,,,,,,,,,
,,,,,,,,,,,,,,,,,,,,,,,,,,,,,,,,,,,,,,,,,,,,,,,,,,,,,,,,,,,,,,,,
,,,,,,,,,,,,,,,,,,,,,,,,,,,,,,,,,,,,,,,,,,,,,,,,,,,,,,,,,,,,,,,,
,,,,,,,,,,,,,,,,,,,,,,,,,,,,,,,,,,,,,,,,,,,,,,,,,,,,,,,,,,,,,,,,
,,,,,,,,,,,,,,,,,,,,,,,,,,,,,,,,,,,,,,,,,,,,,,,,,,,,,,,,,,,,,,,,
,,,,,,,,,,,,,,,,,,,,,,,,,,,,,,,,,,,,,,,,,,,,,,,,,,,,,,,,,,,,,,,,
,,,,,,,,,,,,,,,,,,,,,,,,,,,,,,,,,,,,,,,,,,,,,,,,,,,,,,,,,,,,,,,,
,,,,,,,,,,,,,,,,,,,,,,,,,,,,,,,,,,,,,,,,,,,,,,,,,,,,,,,,,,,,,,,,
,,,,,,,,,,,,,,,,,,,,,,,,,,,,,,,,,,,,,,,,,,,,,,,,,,,,,,,,,,,,,,,,
,,,,,,,,,,,,,,,,,,,,,,,,,,,,,,,,,,,,,,,,,,,,,,,,,,,,,,,,,,,,,,,,
,,,,,,,,,,,,,,,,,,,,,,,,,,,,,,,,,,,,,,,,,,,,,,,,,,,,,,,,,,,,,,,,
,,,,,,,,,,,,,,,,,,,,,,,,,,,,,,,,,,,,,,,,,,,,,,,,,,,,,,,,,,,,,,,,
,,,,,,,,,,,,,,,,,,,,,,,,,,,,,,,,,,,,,,,,,,,,,,,,,,,,,,,,,,,,,,,,
,,,,,,,,,,,,,,,,,,,,,,,,,,,,,,,,,,,,,,,,,,,,,,,,,,,,,,,,,,,,,,,,
,,,,,,,,,,,,,,,,,,,,,,,,,,,,,,,,,,,,,,,,,,,,,,,,,,,,,,,,,,,,,,,,
,,,,,,,,,,,,,,,,,,,,,,,,,,,,,,,,,,,,,,,,,,,,,,,,,,,,,,,,,,,,,,,,
,,,,,,,,,,,,,,,,,,,,,,,,,,,,,,,,,,,,,,,,,,,,,,,,,,,,,,,,,,,,,,,,
,,,,,,,,,,,,,,,,,,,,,,,,,,,,,,,,,,,,,,,,,,,,,,,,,,,,,,,,,,,,,,,,
,,,,,,,,,,,,,,,,,,,,,,,,,,,,,,,,,,,,,,,,,,,,,,,,,,,,,,,,,,,,,,,,
,,,,,,,,,,,,,,,,,,,,,,,,,,,,,,,,,,,,,,,,,,,,,,,,,,,,,,,,,,,,,,,,
,,,,,,,,,,,,,,,,,,,,,,,,,,,,,,,,,,,,,,,,,,,,,,,,,,,,,,,,,,,,,,,,
,,,,,,,,,,,,,,,,,,,,,,,,,,,,,,,,,,,,,,,,,,,,,,,,,,,,,,,,,,,,,,,,
,,,,,,,,,,,,,,,,,,,,,,,,,,,,,,,,,,,,,,,,,,,,,,,,,,,,,,,,,,,,,,,,
,,,,,,,,,,,,,,,,,,,,,,,,,,,,,,,,,,,,,,,,,,,,,,,,,,,,,,,,,,,,,,,,
,,,,,,,,,,,,,,,,,,,,,,,,,,,,,,,,,,,,,,,,,,,,,,,,,,,,,,,,,,,,,,,,
,,,,,,,,,,,,,,,,,,,,,,,,,,,,,,,,,,,,,,,,,,,,,,,,,,,,,,,,,,,,,,,,
,,,,,,,,,,,,,,,,,,,,,,,,,,,,,,,,,,,,,,,,,,,,,,,,,,,,,,,,,,,,,,,,
,,,,,,,,,,,,,,,,,,,,,,,,,,,,,,,,,,,,,,,,,,,,,,,,,,,,,,,,,,,,,,,,
,,,,,,,,,,,,,,,,,,,,,,,,,,,,,,,,,,,,,,,,,,,,,,,,,,,,,,,,,,,,,,,,
,,,,,,,,,,,,,,,,,,,,,,,,,,,,,,,,,,,,,,,,,,,,,,,,,,,,,,,,,,,,,,,,
,,,,,,,,,,,,,,,,,,,,,,,,,,,,,,,,,,,,,,,,,,,,,,,,,,,,,,,,,,,,,,,,
,,,,,,,,,,,,,,,,,,,,,,,,,,,,,,,,,,,,,,,,,,,,,,,,,,,,,,,,,,,,,,,,
,,,,,,,,,,,,,,,,,,,,,,,,,,,,,,,,,,,,,,,,,,,,,,,,,,,,,,,,,,,,,,,,
,,,,,,,,,,,,,,,,,,,,,,,,,,,,,,,,,,,,,,,,,,,,,,,,,,,,,,,,,,,,,,,,
,,,,,,,,,,,,,,,,,,,,,,,,,,,,,,,,,,,,,,,,,,,,,,,,,,,,,,,,,,,,,,,,
,,,,,,,,,,,,,,,,,,,,,,,,,,,,,,,,,,,,,,,,,,,,,,,,,,,,,,,,,,,,,,,,
,,,,,,,,,,,,,,,,,,,,,,,,,,,,,,,,,,,,,,,,,,,,,,,,,,,,,,,,,,,,,,,,
,,,,,,,,,,,,,,,,,,,,,,,,,,,,,,,,,,,,,,,,,,,,,,,,,,,,,,,,,,,,,,,,
,,,,,,,,,,,,,,,,,,,,,,,,,,,,,,,,,,,,,,,,,,,,,,,,,,,,,,,,,,,,,,,,
,,,,,,,,,,,,,,,,,,,,,,,,,,,,,,,,,,,,,,,,,,,,,,,,,,,,,,,,,,,,,,,,
,,,,,,,,,,,,,,,,,,,,,,,,,,,,,,,,,,,,,,,,,,,,,,,,,,,,,,,,,,,,,,,,
,,,,,,,,,,,,,,,,,,,,,,,,,,,,,,,,,,,,,,,,,,,,,,,,,,,,,,,,,,,,,,,,
,,,,,,,,,,,,,,,,,,,,,,,,,,,,,,,,,,,,,,,,,,,,,,,,,,,,,,,,,,,,,,,,
,,,,,,,,,,,,,,,,,,,,,,,,,,,,,,,,,,,,,,,,,,,,,,,,,,,,,,,,,,,,,,,,
,,,,,,,,,,,,,,,,,,,,,,,,,,,,,,,,,,,,,,,,,,,,,,,,,,,,,,,,,,,,,,,,
,,,,,,,,,,,,,,,,,,,,,,,,,,,,,,,,,,,,,,,,,,,,,,,,,,,,,,,,,,,,,,,,
,,,,,,,,,,,,,,,,,,,,,,,,,,,,,,,,,,,,,,,,,,,,,,,,,,,,,,,,,,,,,,,,
,,,,,,,,,,,,,,,,,,,,,,,,,,,,,,,,,,,,,,,,,,,,,,,,,,,,,,,,,,,,,,,,
,,,,,,,,,,,,,,,,,,,,,,,,,,,,,,,,,,,,,,,,,,,,,,,,,,,,,,,,,,,,,,,,
,,,,,,,,,,,,,,,,,,,,,,,,,,,,,,,,,,,,,,,,,,,,,,,,,,,,,,,,,,,,,,,,
,,,,,,,,,,,,,,,,,,,,,,,,,,,,,,,,,,,,,,,,,,,,,,,,,,,,,,,,,,,,,,,,
,,,,,,,,,,,,,,,,,,,,,,,,,,,,,,,,,,,,,,,,,,,,,,,,,,,,,,,,,,,,,,,,
,,,,,,,,,,,,,,,,,,,,,,,,,,,,,,,,,,,,,,,,,,,,,,,,,,,,,,,,,,,,,,,,
,,,,,,,,,,,,,,,,,,,,,,,,,,,,,,,,,,,,,,,,,,,,,,,,,,,,,,,,,,,,,,,,
,,,,,,,,,,,,,,,,,,,,,,,,,,,,,,,,,,,,,,,,,,,,,,,,,,,,,,,,,,,,,,,,
,,,,,,,,,,,,,,,,,,,,,,,,,,,,,,,,,,,,,,,,,,,,,,,,,,,,,,,,,,,,,,,,
,,,,,,,,,,,,,,,,,,,,,,,,,,,,,,,,,,,,,,,,,,,,,,,,,,,,,,,,,,,,,,,,
,,,,,,,,,,,,,,,,,,,,,,,,,,,,,,,,,,,,,,,,,,,,,,,,,,,,,,,,,,,,,,,,
,,,,,,,,,,,,,,,,,,,,,,,,,,,,,,,,,,,,,,,,,,,,,,,,,,,,,,,,,,,,,,,,
,,,,,,,,,,,,,,,,,,,,,,,,,,,,,,,,,,,,,,,,,,,,,,,,,,,,,,,,,,,,,,,,
,,,,,,,,,,,,,,,,,,,,,,,,,,,,,,,,,,,,,,,,,,,,,,,,,,,,,,,,,,,,,,,,
,,,,,,,,,,,,,,,,,,,,,,,,,,,,,,,,,,,,,,,,,,,,,,,,,,,,,,,,,,,,,,,,
,,,,,,,,,,,,,,,,,,,,,,,,,,,,,,,,,,,,,,,,,,,,,,,,,,,,,,,,,,,,,,,,
,,,,,,,,,,,,,,,,,,,,,,,,,,,,,,,,,,,,,,,,,,,,,,,,,,,,,,,,,,,,,,,,
,,,,,,,,,,,,,,,,,,,,,,,,,,,,,,,,,,,,,,,,,,,,,,,,,,,,,,,,,,,,,,,,
,,,,,,,,,,,,,,,,,,,,,,,,,,,,,,,,,,,,,,,,,,,,,,,,,,,,,,,,,,,,,,,,
,,,,,,,,,,,,,,,,,,,,,,,,,,,,,,,,,,,,,,,,,,,,,,,,,,,,,,,,,,,,,,,,
,,,,,,,,,,,,,,,,,,,,,,,,,,,,,,,,,,,,,,,,,,,,,,,,,,,,,,,,,,,,,,,,
,,,,,,,,,,,,,,,,,,,,,,,,,,,,,,,,,,,,,,,,,,,,,,,,,,,,,,,,,,,,,,,,
,,,,,,,,,,,,,,,,,,,,,,,,,,,,,,,,,,,,,,,,,,,,,,,,,,,,,,,,,,,,,,,,
,,,,,,,,,,,,,,,,,,,,,,,,,,,,,,,,,,,,,,,,,,,,,,,,,,,,,,,,,,,,,,,,
,,,,,,,,,,,,,,,,,,,,,,,,,,,,,,,,,,,,,,,,,,,,,,,,,,,,,,,,,,,,,,,,
,,,,,,,,,,,,,,,,,,,,,,,,,,,,,,,,,,,,,,,,,,,,,,,,,,,,,,,,,,,,,,,,
,,,,,,,,,,,,,,,,,,,,,,,,,,,,,,,,,,,,,,,,,,,,,,,,,,,,,,,,,,,,,,,,
,,,,,,,,,,,,,,,,,,,,,,,,,,,,,,,,,,,,,,,,,,,,,,,,,,,,,,,,,,,,,,,,
,,,,,,,,,,,,,,,,,,,,,,,,,,,,,,,,,,,,,,,,,,,,,,,,,,,,,,,,,,,,,,,,
,,,,,,,,,,,,,,,,,,,,,,,,,,,,,,,,,,,,,,,,,,,,,,,,,,,,,,,,,,,,,,,,
,,,,,,,,,,,,,,,,,,,,,,,,,,,,,,,,,,,,,,,,,,,,,,,,,,,,,,,,,,,,,,,,
,,,,,,,,,,,,,,,,,,,,,,,,,,,,,,,,,,,,,,,,,,,,,,,,,,,,,,,,,,,,,,,,
,,,,,,,,,,,,,,,,,,,,,,,,,,,,,,,,,,,,,,,,,,,,,,,,,,,,,,,,,,,,,,,,
,,,,,,,,,,,,,,,,,,,,,,,,,,,,,,,,,,,,,,,,,,,,,,,,,,,,,,,,,,,,,,,,
,,,,,,,,,,,,,,,,,,,,,,,,,,,,,,,,,,,,,,,,,,,,,,,,,,,,,,,,,,,,,,,,
,,,,,,,,,,,,,,,,,,,,,,,,,,,,,,,,,,,,,,,,,,,,,,,,,,,,,,,,,,,,,,,,
,,,,,,,,,,,,,,,,,,,,,,,,,,,,,,,,,,,,,,,,,,,,,,,,,,,,,,,,,,,,,,,,
,,,,,,,,,,,,,,,,,,,,,,,,,,,,,,,,,,,,,,,,,,,,,,,,,,,,,,,,,,,,,,,,
,,,,,,,,,,,,,,,,,,,,,,,,,,,,,,,,,,,,,,,,,,,,,,,,,,,,,,,,,,,,,,,,
,,,,,,,,,,,,,,,,,,,,,,,,,,,,,,,,,,,,,,,,,,,,,,,,,,,,,,,,,,,,,,,,
,,,,,,,,,,,,,,,,,,,,,,,,,,,,,,,,,,,,,,,,,,,,,,,,,,,,,,,,,,,,,,,,
,,,,,,,,,,,,,,,,,,,,,,,,,,,,,,,,,,,,,,,,,,,,,,,,,,,,,,,,,,,,,,,,
,,,,,,,,,,,,,,,,,,,,,,,,,,,,,,,,,,,,,,,,,,,,,,,,,,,,,,,,,,,,,,,,
,,,,,,,,,,,,,,,,,,,,,,,,,,,,,,,,,,,,,,,,,,,,,,,,,,,,,,,,,,,,,,,,
,,,,,,,,,,,,,,,,,,,,,,,,,,,,,,,,,,,,,,,,,,,,,,,,,,,,,,,,,,,,,,,,
,,,,,,,,,,,,,,,,,,,,,,,,,,,,,,,,,,,,,,,,,,,,,,,,,,,,,,,,,,,,,,,,
,,,,,,,,,,,,,,,,,,,,,,,,,,,,,,,,,,,,,,,,,,,,,,,,,,,,,,,,,,,,,,,,
,,,,,,,,,,,,,,,,,,,,,,,,,,,,,,,,,,,,,,,,,,,,,,,,,,,,,,,,,,,,,,,,
,,,,,,,,,,,,,,,,,,,,,,,,,,,,,,,,,,,,,,,,,,,,,,,,,,,,,,,,,,,,,,,,
,,,,,,,,,,,,,,,,,,,,,,,,,,,,,,,,,,,,,,,,,,,,,,,,,,,,,,,,,,,,,,,,
,,,,,,,,,,,,,,,,,,,,,,,,,,,,,,,,,,,,,,,,,,,,,,,,,,,,,,,,,,,,,,,,
,,,,,,,,,,,,,,,,,,,,,,,,,,,,,,,,,,,,,,,,,,,,,,,,,,,,,,,,,,,,,,,,
,,,,,,,,,,,,,,,,,,,,,,,,,,,,,,,,,,,,,,,,,,,,,,,,,,,,,,,,,,,,,,,,
,,,,,,,,,,,,,,,,,,,,,,,,,,,,,,,,,,,,,,,,,,,,,,,,,,,,,,,,,,,,,,,,
,,,,,,,,,,,,,,,,,,,,,,,,,,,,,,,,,,,,,,,,,,,,,,,,,,,,,,,,,,,,,,,,
,,,,,,,,,,,,,,,,,,,,,,,,,,,,,,,,,,,,,,,,,,,,,,,,,,,,,,,,,,,,,,,,
,,,,,,,,,,,,,,,,,,,,,,,,,,,,,,,,,,,,,,,,,,,,,,,,,,,,,,,,,,,,,,,,
,,,,,,,,,,,,,,,,,,,,,,,,,,,,,,,,,,,,,,,,,,,,,,,,,,,,,,,,,,,,,,,,
,,,,,,,,,,,,,,,,,,,,,,,,,,,,,,,,,,,,,,,,,,,,,,,,,,,,,,,,,,,,,,,,
,,,,,,,,,,,,,,,,,,,,,,,,,,,,,,,,,,,,,,,,,,,,,,,,,,,,,,,,,,,,,,,,
,,,,,,,,,,,,,,,,,,,,,,,,,,,,,,,,,,,,,,,,,,,,,,,,,,,,,,,,,,,,,,,,
,,,,,,,,,,,,,,,,,,,,,,,,,,,,,,,,,,,,,,,,,,,,,,,,,,,,,,,,,,,,,,,,
,,,,,,,,,,,,,,,,,,,,,,,,,,,,,,,,,,,,,,,,,,,,,,,,,,,,,,,,,,,,,,,,
,,,,,,,,,,,,,,,,,,,,,,,,,,,,,,,,,,,,,,,,,,,,,,,,,,,,,,,,,,,,,,,,
,,,,,,,,,,,,,,,,,,,,,,,,,,,,,,,,,,,,,,,,,,,,,,,,,,,,,,,,,,,,,,,,
,,,,,,,,,,,,,,,,,,,,,,,,,,,,,,,,,,,,,,,,,,,,,,,,,,,,,,,,,,,,,,,,
,,,,,,,,,,,,,,,,,,,,,,,,,,,,,,,,,,,,,,,,,,,,,,,,,,,,,,,,,,,,,,,,
,,,,,,,,,,,,,,,,,,,,,,,,,,,,,,,,,,,,,,,,,,,,,,,,,,,,,,,,,,,,,,,,
,,,,,,,,,,,,,,,,,,,,,,,,,,,,,,,,,,,,,,,,,,,,,,,,,,,,,,,,,,,,,,,,
,,,,,,,,,,,,,,,,,,,,,,,,,,,,,,,,,,,,,,,,,,,,,,,,,,,,,,,,,,,,,,,,
,,,,,,,,,,,,,,,,,,,,,,,,,,,,,,,,,,,,,,,,,,,,,,,,,,,,,,,,,,,,,,,,
,,,,,,,,,,,,,,,,,,,,,,,,,,,,,,,,,,,,,,,,,,,,,,,,,,,,,,,,,,,,,,,,
,,,,,,,,,,,,,,,,,,,,,,,,,,,,,,,,,,,,,,,,,,,,,,,,,,,,,,,,,,,,,,,,
,,,,,,,,,,,,,,,,,,,,,,,,,,,,,,,,,,,,,,,,,,,,,,,,,,,,,,,,,,,,,,,,
,,,,,,,,,,,,,,,,,,,,,,,,,,,,,,,,,,,,,,,,,,,,,,,,,,,,,,,,,,,,,,,,
,,,,,,,,,,,,,,,,,,,,,,,,,,,,,,,,,,,,,,,,,,,,,,,,,,,,,,,,,,,,,,,,
,,,,,,,,,,,,,,,,,,,,,,,,,,,,,,,,,,,,,,,,,,,,,,,,,,,,,,,,,,,,,,,,
,,,,,,,,,,,,,,,,,,,,,,,,,,,,,,,,,,,,,,,,,,,,,,,,,,,,,,,,,,,,,,,,
,,,,,,,,,,,,,,,,,,,,,,,,,,,,,,,,,,,,,,,,,,,,,,,,,,,,,,,,,,,,,,,,
,,,,,,,,,,,,,,,,,,,,,,,,,,,,,,,,,,,,,,,,,,,,,,,,,,,,,,,,,,,,,,,,
,,,,,,,,,,,,,,,,,,,,,,,,,,,,,,,,,,,,,,,,,,,,,,,,,,,,,,,,,,,,,,,,
,,,,,,,,,,,,,,,,,,,,,,,,,,,,,,,,,,,,,,,,,,,,,,,,,,,,,,,,,,,,,,,,
,,,,,,,,,,,,,,,,,,,,,,,,,,,,,,,,,,,,,,,,,,,,,,,,,,,,,,,,,,,,,,,,
,,,,,,,,,,,,,,,,,,,,,,,,,,,,,,,,,,,,,,,,,,,,,,,,,,,,,,,,,,,,,,,,
,,,,,,,,,,,,,,,,,,,,,,,,,,,,,,,,,,,,,,,,,,,,,,,,,,,,,,,,,,,,,,,,
,,,,,,,,,,,,,,,,,,,,,,,,,,,,,,,,,,,,,,,,,,,,,,,,,,,,,,,,,,,,,,,,
,,,,,,,,,,,,,,,,,,,,,,,,,,,,,,,,,,,,,,,,,,,,,,,,,,,,,,,,,,,,,,,,
,,,,,,,,,,,,,,,,,,,,,,,,,,,,,,,,,,,,,,,,,,,,,,,,,,,,,,,,,,,,,,,,
,,,,,,,,,,,,,,,,,,,,,,,,,,,,,,,,,,,,,,,,,,,,,,,,,,,,,,,,,,,,,,,,
,,,,,,,,,,,,,,,,,,,,,,,,,,,,,,,,,,,,,,,,,,,,,,,,,,,,,,,,,,,,,,,,
,,,,,,,,,,,,,,,,,,,,,,,,,,,,,,,,,,,,,,,,,,,,,,,,,,,,,,,,,,,,,,,,
,,,,,,,,,,,,,,,,,,,,,,,,,,,,,,,,,,,,,,,,,,,,,,,,,,,,,,,,,,,,,,,,
,,,,,,,,,,,,,,,,,,,,,,,,,,,,,,,,,,,,,,,,,,,,,,,,,,,,,,,,,,,,,,,,
,,,,,,,,,,,,,,,,,,,,,,,,,,,,,,,,,,,,,,,,,,,,,,,,,,,,,,,,,,,,,,,,
,,,,,,,,,,,,,,,,,,,,,,,,,,,,,,,,,,,,,,,,,,,,,,,,,,,,,,,,,,,,,,,,
,,,,,,,,,,,,,,,,,,,,,,,,,,,,,,,,,,,,,,,,,,,,,,,,,,,,,,,,,,,,,,,,
,,,,,,,,,,,,,,,,,,,,,,,,,,,,,,,,,,,,,,,,,,,,,,,,,,,,,,,,,,,,,,,,
,,,,,,,,,,,,,,,,,,,,,,,,,,,,,,,,,,,,,,,,,,,,,,,,,,,,,,,,,,,,,,,,
,,,,,,,,,,,,,,,,,,,,,,,,,,,,,,,,,,,,,,,,,,,,,,,,,,,,,,,,,,,,,,,,
,,,,,,,,,,,,,,,,,,,,,,,,,,,,,,,,,,,,,,,,,,,,,,,,,,,,,,,,,,,,,,,,
,,,,,,,,,,,,,,,,,,,,,,,,,,,,,,,,,,,,,,,,,,,,,,,,,,,,,,,,,,,,,,,,
,,,,,,,,,,,,,,,,,,,,,,,,,,,,,,,,,,,,,,,,,,,,,,,,,,,,,,,,,,,,,,,,
,,,,,,,,,,,,,,,,,,,,,,,,,,,,,,,,,,,,,,,,,,,,,,,,,,,,,,,,,,,,,,,,
,,,,,,,,,,,,,,,,,,,,,,,,,,,,,,,,,,,,,,,,,,,,,,,,,,,,,,,,,,,,,,,,
,,,,,,,,,,,,,,,,,,,,,,,,,,,,,,,,,,,,,,,,,,,,,,,,,,,,,,,,,,,,,,,,
,,,,,,,,,,,,,,,,,,,,,,,,,,,,,,,,,,,,,,,,,,,,,,,,,,,,,,,,,,,,,,,,
,,,,,,,,,,,,,,,,,,,,,,,,,,,,,,,,,,,,,,,,,,,,,,,,,,,,,,,,,,,,,,,,
,,,,,,,,,,,,,,,,,,,,,,,,,,,,,,,,,,,,,,,,,,,,,,,,,,,,,,,,,,,,,,,,
,,,,,,,,,,,,,,,,,,,,,,,,,,,,,,,,,,,,,,,,,,,,,,,,,,,,,,,,,,,,,,,,
,,,,,,,,,,,,,,,,,,,,,,,,,,,,,,,,,,,,,,,,,,,,,,,,,,,,,,,,,,,,,,,,
,,,,,,,,,,,,,,,,,,,,,,,,,,,,,,,,,,,,,,,,,,,,,,,,,,,,,,,,,,,,,,,,
,,,,,,,,,,,,,,,,,,,,,,,,,,,,,,,,,,,,,,,,,,,,,,,,,,,,,,,,,,,,,,,,
,,,,,,,,,,,,,,,,,,,,,,,,,,,,,,,,,,,,,,,,,,,,,,,,,,,,,,,,,,,,,,,,
,,,,,,,,,,,,,,,,,,,,,,,,,,,,,,,,,,,,,,,,,,,,,,,,,,,,,,,,,,,,,,,,
,,,,,,,,,,,,,,,,,,,,,,,,,,,,,,,,,,,,,,,,,,,,,,,,,,,,,,,,,,,,,,,,
,,,,,,,,,,,,,,,,,,,,,,,,,,,,,,,,,,,,,,,,,,,,,,,,,,,,,,,,,,,,,,,,
,,,,,,,,,,,,,,,,,,,,,,,,,,,,,,,,,,,,,,,,,,,,,,,,,,,,,,,,,,,,,,,,
,,,,,,,,,,,,,,,,,,,,,,,,,,,,,,,,,,,,,,,,,,,,,,,,,,,,,,,,,,,,,,,,
,,,,,,,,,,,,,,,,,,,,,,,,,,,,,,,,,,,,,,,,,,,,,,,,,,,,,,,,,,,,,,,,
,,,,,,,,,,,,,,,,,,,,,,,,,,,,,,,,,,,,,,,,,,,,,,,,,,,,,,,,,,,,,,,,
,,,,,,,,,,,,,,,,,,,,,,,,,,,,,,,,,,,,,,,,,,,,,,,,,,,,,,,,,,,,,,,,
,,,,,,,,,,,,,,,,,,,,,,,,,,,,,,,,,,,,,,,,,,,,,,,,,,,,,,,,,,,,,,,,
,,,,,,,,,,,,,,,,,,,,,,,,,,,,,,,,,,,,,,,,,,,,,,,,,,,,,,,,,,,,,,,,
,,,,,,,,,,,,,,,,,,,,,,,,,,,,,,,,,,,,,,,,,,,,,,,,,,,,,,,,,,,,,,,,
,,,,,,,,,,,,,,,,,,,,,,,,,,,,,,,,,,,,,,,,,,,,,,,,,,,,,,,,,,,,,,,,
,,,,,,,,,,,,,,,,,,,,,,,,,,,,,,,,,,,,,,,,,,,,,,,,,,,,,,,,,,,,,,,,
,,,,,,,,,,,,,,,,,,,,,,,,,,,,,,,,,,,,,,,,,,,,,,,,,,,,,,,,,,,,,,,,
,,,,,,,,,,,,,,,,,,,,,,,,,,,,,,,,,,,,,,,,,,,,,,,,,,,,,,,,,,,,,,,,
,,,,,,,,,,,,,,,,,,,,,,,,,,,,,,,,,,,,,,,,,,,,,,,,,,,,,,,,,,,,,,,,
,,,,,,,,,,,,,,,,,,,,,,,,,,,,,,,,,,,,,,,,,,,,,,,,,,,,,,,,,,,,,,,,
,,,,,,,,,,,,,,,,,,,,,,,,,,,,,,,,,,,,,,,,,,,,,,,,,,,,,,,,,,,,,,,,
,,,,,,,,,,,,,,,,,,,,,,,,,,,,,,,,,,,,,,,,,,,,,,,,,,,,,,,,,,,,,,,,
,,,,,,,,,,,,,,,,,,,,,,,,,,,,,,,,,,,,,,,,,,,,,,,,,,,,,,,,,,,,,,,,
,,,,,,,,,,,,,,,,,,,,,,,,,,,,,,,,,,,,,,,,,,,,,,,,,,,,,,,,,,,,,,,,
,,,,,,,,,,,,,,,,,,,,,,,,,,,,,,,,,,,,,,,,,,,,,,,,,,,,,,,,,,,,,,,,
,,,,,,,,,,,,,,,,,,,,,,,,,,,,,,,,,,,,,,,,,,,,,,,,,,,,,,,,,,,,,,,,
,,,,,,,,,,,,,,,,,,,,,,,,,,,,,,,,,,,,,,,,,,,,,,,,,,,,,,,,,,,,,,,,
,,,,,,,,,,,,,,,,,,,,,,,,,,,,,,,,,,,,,,,,,,,,,,,,,,,,,,,,,,,,,,,,
,,,,,,,,,,,,,,,,,,,,,,,,,,,,,,,,,,,,,,,,,,,,,,,,,,,,,,,,,,,,,,,,
,,,,,,,,,,,,,,,,,,,,,,,,,,,,,,,,,,,,,,,,,,,,,,,,,,,,,,,,,,,,,,,,
,,,,,,,,,,,,,,,,,,,,,,,,,,,,,,,,,,,,,,,,,,,,,,,,,,,,,,,,,,,,,,,,
,,,,,,,,,,,,,,,,,,,,,,,,,,,,,,,,,,,,,,,,,,,,,,,,,,,,,,,,,,,,,,,,
,,,,,,,,,,,,,,,,,,,,,,,,,,,,,,,,,,,,,,,,,,,,,,,,,,,,,,,,,,,,,,,,
,,,,,,,,,,,,,,,,,,,,,,,,,,,,,,,,,,,,,,,,,,,,,,,,,,,,,,,,,,,,,,,,
,,,,,,,,,,,,,,,,,,,,,,,,,,,,,,,,,,,,,,,,,,,,,,,,,,,,,,,,,,,,,,,,
,,,,,,,,,,,,,,,,,,,,,,,,,,,,,,,,,,,,,,,,,,,,,,,,,,,,,,,,,,,,,,,,
,,,,,,,,,,,,,,,,,,,,,,,,,,,,,,,,,,,,,,,,,,,,,,,,,,,,,,,,,,,,,,,,
,,,,,,,,,,,,,,,,,,,,,,,,,,,,,,,,,,,,,,,,,,,,,,,,,,,,,,,,,,,,,,,,
,,,,,,,,,,,,,,,,,,,,,,,,,,,,,,,,,,,,,,,,,,,,,,,,,,,,,,,,,,,,,,,,
,,,,,,,,,,,,,,,,,,,,,,,,,,,,,,,,,,,,,,,,,,,,,,,,,,,,,,,,,,,,,,,,
,,,,,,,,,,,,,,,,,,,,,,,,,,,,,,,,,,,,,,,,,,,,,,,,,,,,,,,,,,,,,,,,
,,,,,,,,,,,,,,,,,,,,,,,,,,,,,,,,,,,,,,,,,,,,,,,,,,,,,,,,,,,,,,,,
,,,,,,,,,,,,,,,,,,,,,,,,,,,,,,,,,,,,,,,,,,,,,,,,,,,,,,,,,,,,,,,,
,,,,,,,,,,,,,,,,,,,,,,,,,,,,,,,,,,,,,,,,,,,,,,,,,,,,,,,,,,,,,,,,
,,,,,,,,,,,,,,,,,,,,,,,,,,,,,,,,,,,,,,,,,,,,,,,,,,,,,,,,,,,,,,,,
,,,,,,,,,,,,,,,,,,,,,,,,,,,,,,,,,,,,,,,,,,,,,,,,,,,,,,,,,,,,,,,,
,,,,,,,,,,,,,,,,,,,,,,,,,,,,,,,,,,,,,,,,,,,,,,,,,,,,,,,,,,,,,,,,
,,,,,,,,,,,,,,,,,,,,,,,,,,,,,,,,,,,,,,,,,,,,,,,,,,,,,,,,,,,,,,,,
,,,,,,,,,,,,,,,,,,,,,,,,,,,,,,,,,,,,,,,,,,,,,,,,,,,,,,,,,,,,,,,,
,,,,,,,,,,,,,,,,,,,,,,,,,,,,,,,,,,,,,,,,,,,,,,,,,,,,,,,,,,,,,,,,
,,,,,,,,,,,,,,,,,,,,,,,,,,,,,,,,,,,,,,,,,,,,,,,,,,,,,,,,,,,,,,,,
,,,,,,,,,,,,,,,,,,,,,,,,,,,,,,,,,,,,,,,,,,,,,,,,,,,,,,,,,,,,,,,,
,,,,,,,,,,,,,,,,,,,,,,,,,,,,,,,,,,,,,,,,,,,,,,,,,,,,,,,,,,,,,,,,
,,,,,,,,,,,,,,,,,,,,,,,,,,,,,,,,,,,,,,,,,,,,,,,,,,,,,,,,,,,,,,,,
,,,,,,,,,,,,,,,,,,,,,,,,,,,,,,,,,,,,,,,,,,,,,,,,,,,,,,,,,,,,,,,,
,,,,,,,,,,,,,,,,,,,,,,,,,,,,,,,,,,,,,,,,,,,,,,,,,,,,,,,,,,,,,,,,
,,,,,,,,,,,,,,,,,,,,,,,,,,,,,,,,,,,,,,,,,,,,,,,,,,,,,,,,,,,,,,,,
,,,,,,,,,,,,,,,,,,,,,,,,,,,,,,,,,,,,,,,,,,,,,,,,,,,,,,,,,,,,,,,,
,,,,,,,,,,,,,,,,,,,,,,,,,,,,,,,,,,,,,,,,,,,,,,,,,,,,,,,,,,,,,,,,
,,,,,,,,,,,,,,,,,,,,,,,,,,,,,,,,,,,,,,,,,,,,,,,,,,,,,,,,,,,,,,,,
,,,,,,,,,,,,,,,,,,,,,,,,,,,,,,,,,,,,,,,,,,,,,,,,,,,,,,,,,,,,,,,,
,,,,,,,,,,,,,,,,,,,,,,,,,,,,,,,,,,,,,,,,,,,,,,,,,,,,,,,,,,,,,,,,
,,,,,,,,,,,,,,,,,,,,,,,,,,,,,,,,,,,,,,,,,,,,,,,,,,,,,,,,,,,,,,,,
,,,,,,,,,,,,,,,,,,,,,,,,,,,,,,,,,,,,,,,,,,,,,,,,,,,,,,,,,,,,,,,,
,,,,,,,,,,,,,,,,,,,,,,,,,,,,,,,,,,,,,,,,,,,,,,,,,,,,,,,,,,,,,,,,
,,,,,,,,,,,,,,,,,,,,,,,,,,,,,,,,,,,,,,,,,,,,,,,,,,,,,,,,,,,,,,,,
,,,,,,,,,,,,,,,,,,,,,,,,,,,,,,,,,,,,,,,,,,,,,,,,,,,,,,,,,,,,,,,,
,,,,,,,,,,,,,,,,,,,,,,,,,,,,,,,,,,,,,,,,,,,,,,,,,,,,,,,,,,,,,,,,
,,,,,,,,,,,,,,,,,,,,,,,,,,,,,,,,,,,,,,,,,,,,,,,,,,,,,,,,,,,,,,,,
,,,,,,,,,,,,,,,,,,,,,,,,,,,,,,,,,,,,,,,,,,,,,,,,,,,,,,,,,,,,,,,,
,,,,,,,,,,,,,,,,,,,,,,,,,,,,,,,,,,,,,,,,,,,,,,,,,,,,,,,,,,,,,,,,
,,,,,,,,,,,,,,,,,,,,,,,,,,,,,,,,,,,,,,,,,,,,,,,,,,,,,,,,,,,,,,,,
,,,,,,,,,,,,,,,,,,,,,,,,,,,,,,,,,,,,,,,,,,,,,,,,,,,,,,,,,,,,,,,,
,,,,,,,,,,,,,,,,,,,,,,,,,,,,,,,,,,,,,,,,,,,,,,,,,,,,,,,,,,,,,,,,
,,,,,,,,,,,,,,,,,,,,,,,,,,,,,,,,,,,,,,,,,,,,,,,,,,,,,,,,,,,,,,,,
,,,,,,,,,,,,,,,,,,,,,,,,,,,,,,,,,,,,,,,,,,,,,,,,,,,,,,,,,,,,,,,,
,,,,,,,,,,,,,,,,,,,,,,,,,,,,,,,,,,,,,,,,,,,,,,,,,,,,,,,,,,,,,,,,
,,,,,,,,,,,,,,,,,,,,,,,,,,,,,,,,,,,,,,,,,,,,,,,,,,,,,,,,,,,,,,,,
,,,,,,,,,,,,,,,,,,,,,,,,,,,,,,,,,,,,,,,,,,,,,,,,,,,,,,,,,,,,,,,,
,,,,,,,,,,,,,,,,,,,,,,,,,,,,,,,,,,,,,,,,,,,,,,,,,,,,,,,,,,,,,,,,
,,,,,,,,,,,,,,,,,,,,,,,,,,,,,,,,,,,,,,,,,,,,,,,,,,,,,,,,,,,,,,,,
,,,,,,,,,,,,,,,,,,,,,,,,,,,,,,,,,,,,,,,,,,,,,,,,,,,,,,,,,,,,,,,,
,,,,,,,,,,,,,,,,,,,,,,,,,,,,,,,,,,,,,,,,,,,,,,,,,,,,,,,,,,,,,,,,
,,,,,,,,,,,,,,,,,,,,,,,,,,,,,,,,,,,,,,,,,,,,,,,,,,,,,,,,,,,,,,,,
,,,,,,,,,,,,,,,,,,,,,,,,,,,,,,,,,,,,,,,,,,,,,,,,,,,,,,,,,,,,,,,,
,,,,,,,,,,,,,,,,,,,,,,,,,,,,,,,,,,,,,,,,,,,,,,,,,,,,,,,,,,,,,,,,
,,,,,,,,,,,,,,,,,,,,,,,,,,,,,,,,,,,,,,,,,,,,,,,,,,,,,,,,,,,,,,,,
,,,,,,,,,,,,,,,,,,,,,,,,,,,,,,,,,,,,,,,,,,,,,,,,,,,,,,,,,,,,,,,,
,,,,,,,,,,,,,,,,,,,,,,,,,,,,,,,,,,,,,,,,,,,,,,,,,,,,,,,,,,,,,,,,
,,,,,,,,,,,,,,,,,,,,,,,,,,,,,,,,,,,,,,,,,,,,,,,,,,,,,,,,,,,,,,,,
,,,,,,,,,,,,,,,,,,,,,,,,,,,,,,,,,,,,,,,,,,,,,,,,,,,,,,,,,,,,,,,,
,,,,,,,,,,,,,,,,,,,,,,,,,,,,,,,,,,,,,,,,,,,,,,,,,,,,,,,,,,,,,,,,
,,,,,,,,,,,,,,,,,,,,,,,,,,,,,,,,,,,,,,,,,,,,,,,,,,,,,,,,,,,,,,,,
,,,,,,,,,,,,,,,,,,,,,,,,,,,,,,,,,,,,,,,,,,,,,,,,,,,,,,,,,,,,,,,,
,,,,,,,,,,,,,,,,,,,,,,,,,,,,,,,,,,,,,,,,,,,,,,,,,,,,,,,,,,,,,,,,
,,,,,,,,,,,,,,,,,,,,,,,,,,,,,,,,,,,,,,,,,,,,,,,,,,,,,,,,,,,,,,,,
,,,,,,,,,,,,,,,,,,,,,,,,,,,,,,,,,,,,,,,,,,,,,,,,,,,,,,,,,,,,,,,,
,,,,,,,,,,,,,,,,,,,,,,,,,,,,,,,,,,,,,,,,,,,,,,,,,,,,,,,,,,,,,,,,
,,,,,,,,,,,,,,,,,,,,,,,,,,,,,,,,,,,,,,,,,,,,,,,,,,,,,,,,,,,,,,,,
,,,,,,,,,,,,,,,,,,,,,,,,,,,,,,,,,,,,,,,,,,,,,,,,,,,,,,,,,,,,,,,,
,,,,,,,,,,,,,,,,,,,,,,,,,,,,,,,,,,,,,,,,,,,,,,,,,,,,,,,,,,,,,,,,
,,,,,,,,,,,,,,,,,,,,,,,,,,,,,,,,,,,,,,,,,,,,,,,,,,,,,,,,,,,,,,,,
,,,,,,,,,,,,,,,,,,,,,,,,,,,,,,,,,,,,,,,,,,,,,,,,,,,,,,,,,,,,,,,,
,,,,,,,,,,,,,,,,,,,,,,,,,,,,,,,,,,,,,,,,,,,,,,,,,,,,,,,,,,,,,,,,
,,,,,,,,,,,,,,,,,,,,,,,,,,,,,,,,,,,,,,,,,,,,,,,,,,,,,,,,,,,,,,,,
,,,,,,,,,,,,,,,,,,,,,,,,,,,,,,,,,,,,,,,,,,,,,,,,,,,,,,,,,,,,,,,,
,,,,,,,,,,,,,,,,,,,,,,,,,,,,,,,,,,,,,,,,,,,,,,,,,,,,,,,,,,,,,,,,
,,,,,,,,,,,,,,,,,,,,,,,,,,,,,,,,,,,,,,,,,,,,,,,,,,,,,,,,,,,,,,,,
,,,,,,,,,,,,,,,,,,,,,,,,,,,,,,,,,,,,,,,,,,,,,,,,,,,,,,,,,,,,,,,,
,,,,,,,,,,,,,,,,,,,,,,,,,,,,,,,,,,,,,,,,,,,,,,,,,,,,,,,,,,,,,,,,
,,,,,,,,,,,,,,,,,,,,,,,,,,,,,,,,,,,,,,,,,,,,,,,,,,,,,,,,,,,,,,,,
,,,,,,,,,,,,,,,,,,,,,,,,,,,,,,,,,,,,,,,,,,,,,,,,,,,,,,,,,,,,,,,,
,,,,,,,,,,,,,,,,,,,,,,,,,,,,,,,,,,,,,,,,,,,,,,,,,,,,,,,,,,,,,,,,
,,,,,,,,,,,,,,,,,,,,,,,,,,,,,,,,,,,,,,,,,,,,,,,,,,,,,,,,,,,,,,,,
,,,,,,,,,,,,,,,,,,,,,,,,,,,,,,,,,,,,,,,,,,,,,,,,,,,,,,,,,,,,,,,,
,,,,,,,,,,,,,,,,,,,,,,,,,,,,,,,,,,,,,,,,,,,,,,,,,,,,,,,,,,,,,,,,
,,,,,,,,,,,,,,,,,,,,,,,,,,,,,,,,,,,,,,,,,,,,,,,,,,,,,,,,,,,,,,,,
,,,,,,,,,,,,,,,,,,,,,,,,,,,,,,,,,,,,,,,,,,,,,,,,,,,,,,,,,,,,,,,,
,,,,,,,,,,,,,,,,,,,,,,,,,,,,,,,,,,,,,,,,,,,,,,,,,,,,,,,,,,,,,,,,
,,,,,,,,,,,,,,,,,,,,,,,,,,,,,,,,,,,,,,,,,,,,,,,,,,,,,,,,,,,,,,,,
,,,,,,,,,,,,,,,,,,,,,,,,,,,,,,,,,,,,,,,,,,,,,,,,,,,,,,,,,,,,,,,,
,,,,,,,,,,,,,,,,,,,,,,,,,,,,,,,,,,,,,,,,,,,,,,,,,,,,,,,,,,,,,,,,
,,,,,,,,,,,,,,,,,,,,,,,,,,,,,,,,,,,,,,,,,,,,,,,,,,,,,,,,,,,,,,,,
,,,,,,,,,,,,,,,,,,,,,,,,,,,,,,,,,,,,,,,,,,,,,,,,,,,,,,,,,,,,,,,,
,,,,,,,,,,,,,,,,,,,,,,,,,,,,,,,,,,,,,,,,,,,,,,,,,,,,,,,,,,,,,,,,
,,,,,,,,,,,,,,,,,,,,,,,,,,,,,,,,,,,,,,,,,,,,,,,,,,,,,,,,,,,,,,,,
,,,,,,,,,,,,,,,,,,,,,,,,,,,,,,,,,,,,,,,,,,,,,,,,,,,,,,,,,,,,,,,,
,,,,,,,,,,,,,,,,,,,,,,,,,,,,,,,,,,,,,,,,,,,,,,,,,,,,,,,,,,,,,,,,
,,,,,,,,,,,,,,,,,,,,,,,,,,,,,,,,,,,,,,,,,,,,,,,,,,,,,,,,,,,,,,,,
,,,,,,,,,,,,,,,,,,,,,,,,,,,,,,,,,,,,,,,,,,,,,,,,,,,,,,,,,,,,,,,,
,,,,,,,,,,,,,,,,,,,,,,,,,,,,,,,,,,,,,,,,,,,,,,,,,,,,,,,,,,,,,,,,
,,,,,,,,,,,,,,,,,,,,,,,,,,,,,,,,,,,,,,,,,,,,,,,,,,,,,,,,,,,,,,,,
,,,,,,,,,,,,,,,,,,,,,,,,,,,,,,,,,,,,,,,,,,,,,,,,,,,,,,,,,,,,,,,,
,,,,,,,,,,,,,,,,,,,,,,,,,,,,,,,,,,,,,,,,,,,,,,,,,,,,,,,,,,,,,,,,
,,,,,,,,,,,,,,,,,,,,,,,,,,,,,,,,,,,,,,,,,,,,,,,,,,,,,,,,,,,,,,,,
,,,,,,,,,,,,,,,,,,,,,,,,,,,,,,,,,,,,,,,,,,,,,,,,,,,,,,,,,,,,,,,,
,,,,,,,,,,,,,,,,,,,,,,,,,,,,,,,,,,,,,,,,,,,,,,,,,,,,,,,,,,,,,,,,
,,,,,,,,,,,,,,,,,,,,,,,,,,,,,,,,,,,,,,,,,,,,,,,,,,,,,,,,,,,,,,,,
,,,,,,,,,,,,,,,,,,,,,,,,,,,,,,,,,,,,,,,,,,,,,,,,,,,,,,,,,,,,,,,,
,,,,,,,,,,,,,,,,,,,,,,,,,,,,,,,,,,,,,,,,,,,,,,,,,,,,,,,,,,,,,,,,
,,,,,,,,,,,,,,,,,,,,,,,,,,,,,,,,,,,,,,,,,,,,,,,,,,,,,,,,,,,,,,,,
,,,,,,,,,,,,,,,,,,,,,,,,,,,,,,,,,,,,,,,,,,,,,,,,,,,,,,,,,,,,,,,,
,,,,,,,,,,,,,,,,,,,,,,,,,,,,,,,,,,,,,,,,,,,,,,,,,,,,,,,,,,,,,,,,
,,,,,,,,,,,,,,,,,,,,,,,,,,,,,,,,,,,,,,,,,,,,,,,,,,,,,,,,,,,,,,,,
,,,,,,,,,,,,,,,,,,,,,,,,,,,,,,,,,,,,,,,,,,,,,,,,,,,,,,,,,,,,,,,,
,,,,,,,,,,,,,,,,,,,,,,,,,,,,,,,,,,,,,,,,,,,,,,,,,,,,,,,,,,,,,,,,
,,,,,,,,,,,,,,,,,,,,,,,,,,,,,,,,,,,,,,,,,,,,,,,,,,,,,,,,,,,,,,,,
,,,,,,,,,,,,,,,,,,,,,,,,,,,,,,,,,,,,,,,,,,,,,,,,,,,,,,,,,,,,,,,,
,,,,,,,,,,,,,,,,,,,,,,,,,,,,,,,,,,,,,,,,,,,,,,,,,,,,,,,,,,,,,,,,
,,,,,,,,,,,,,,,,,,,,,,,,,,,,,,,,,,,,,,,,,,,,,,,,,,,,,,,,,,,,,,,,
,,,,,,,,,,,,,,,,,,,,,,,,,,,,,,,,,,,,,,,,,,,,,,,,,,,,,,,,,,,,,,,,
,,,,,,,,,,,,,,,,,,,,,,,,,,,,,,,,,,,,,,,,,,,,,,,,,,,,,,,,,,,,,,,,
,,,,,,,,,,,,,,,,,,,,,,,,,,,,,,,,,,,,,,,,,,,,,,,,,,,,,,,,,,,,,,,,
,,,,,,,,,,,,,,,,,,,,,,,,,,,,,,,,,,,,,,,,,,,,,,,,,,,,,,,,,,,,,,,,
,,,,,,,,,,,,,,,,,,,,,,,,,,,,,,,,,,,,,,,,,,,,,,,,,,,,,,,,,,,,,,,,
,,,,,,,,,,,,,,,,,,,,,,,,,,,,,,,,,,,,,,,,,,,,,,,,,,,,,,,,,,,,,,,,
,,,,,,,,,,,,,,,,,,,,,,,,,,,,,,,,,,,,,,,,,,,,,,,,,,,,,,,,,,,,,,,,
,,,,,,,,,,,,,,,,,,,,,,,,,,,,,,,,,,,,,,,,,,,,,,,,,,,,,,,,,,,,,,,,
,,,,,,,,,,,,,,,,,,,,,,,,,,,,,,,,,,,,,,,,,,,,,,,,,,,,,,,,,,,,,,,,
,,,,,,,,,,,,,,,,,,,,,,,,,,,,,,,,,,,,,,,,,,,,,,,,,,,,,,,,,,,,,,,,
,,,,,,,,,,,,,,,,,,,,,,,,,,,,,,,,,,,,,,,,,,,,,,,,,,,,,,,,,,,,,,,,
,,,,,,,,,,,,,,,,,,,,,,,,,,,,,,,,,,,,,,,,,,,,,,,,,,,,,,,,,,,,,,,,
,,,,,,,,,,,,,,,,,,,,,,,,,,,,,,,,,,,,,,,,,,,,,,,,,,,,,,,,,,,,,,,,
,,,,,,,,,,,,,,,,,,,,,,,,,,,,,,,,,,,,,,,,,,,,,,,,,,,,,,,,,,,,,,,,
,,,,,,,,,,,,,,,,,,,,,,,,,,,,,,,,,,,,,,,,,,,,,,,,,,,,,,,,,,,,,,,,
,,,,,,,,,,,,,,,,,,,,,,,,,,,,,,,,,,,,,,,,,,,,,,,,,,,,,,,,,,,,,,,,
,,,,,,,,,,,,,,,,,,,,,,,,,,,,,,,,,,,,,,,,,,,,,,,,,,,,,,,,,,,,,,,,
,,,,,,,,,,,,,,,,,,,,,,,,,,,,,,,,,,,,,,,,,,,,,,,,,,,,,,,,,,,,,,,,
,,,,,,,,,,,,,,,,,,,,,,,,,,,,,,,,,,,,,,,,,,,,,,,,,,,,,,,,,,,,,,,,
,,,,,,,,,,,,,,,,,,,,,,,,,,,,,,,,,,,,,,,,,,,,,,,,,,,,,,,,,,,,,,,,
,,,,,,,,,,,,,,,,,,,,,,,,,,,,,,,,,,,,,,,,,,,,,,,,,,,,,,,,,,,,,,,,
,,,,,,,,,,,,,,,,,,,,,,,,,,,,,,,,,,,,,,,,,,,,,,,,,,,,,,,,,,,,,,,,
,,,,,,,,,,,,,,,,,,,,,,,,,,,,,,,,,,,,,,,,,,,,,,,,,,,,,,,,,,,,,,,,
,,,,,,,,,,,,,,,,,,,,,,,,,,,,,,,,,,,,,,,,,,,,,,,,,,,,,,,,,,,,,,,,
,,,,,,,,,,,,,,,,,,,,,,,,,,,,,,,,,,,,,,,,,,,,,,,,,,,,,,,,,,,,,,,,
,,,,,,,,,,,,,,,,,,,,,,,,,,,,,,,,,,,,,,,,,,,,,,,,,,,,,,,,,,,,,,,,
,,,,,,,,,,,,,,,,,,,,,,,,,,,,,,,,,,,,,,,,,,,,,,,,,,,,,,,,,,,,,,,,
,,,,,,,,,,,,,,,,,,,,,,,,,,,,,,,,,,,,,,,,,,,,,,,,,,,,,,,,,,,,,,,,
,,,,,,,,,,,,,,,,,,,,,,,,,,,,,,,,,,,,,,,,,,,,,,,,,,,,,,,,,,,,,,,,
,,,,,,,,,,,,,,,,,,,,,,,,,,,,,,,,,,,,,,,,,,,,,,,,,,,,,,,,,,,,,,,,
,,,,,,,,,,,,,,,,,,,,,,,,,,,,,,,,,,,,,,,,,,,,,,,,,,,,,,,,,,,,,,,,
,,,,,,,,,,,,,,,,,,,,,,,,,,,,,,,,,,,,,,,,,,,,,,,,,,,,,,,,,,,,,,,,
,,,,,,,,,,,,,,,,,,,,,,,,,,,,,,,,,,,,,,,,,,,,,,,,,,,,,,,,,,,,,,,,
,,,,,,,,,,,,,,,,,,,,,,,,,,,,,,,,,,,,,,,,,,,,,,,,,,,,,,,,,,,,,,,,
,,,,,,,,,,,,,,,,,,,,,,,,,,,,,,,,,,,,,,,,,,,,,,,,,,,,,,,,,,,,,,,,
,,,,,,,,,,,,,,,,,,,,,,,,,,,,,,,,,,,,,,,,,,,,,,,,,,,,,,,,,,,,,,,,
,,,,,,,,,,,,,,,,,,,,,,,,,,,,,,,,,,,,,,,,,,,,,,,,,,,,,,,,,,,,,,,,
,,,,,,,,,,,,,,,,,,,,,,,,,,,,,,,,,,,,,,,,,,,,,,,,,,,,,,,,,,,,,,,,
,,,,,,,,,,,,,,,,,,,,,,,,,,,,,,,,,,,,,,,,,,,,,,,,,,,,,,,,,,,,,,,,
,,,,,,,,,,,,,,,,,,,,,,,,,,,,,,,,,,,,,,,,,,,,,,,,,,,,,,,,,,,,,,,,
,,,,,,,,,,,,,,,,,,,,,,,,,,,,,,,,,,,,,,,,,,,,,,,,,,,,,,,,,,,,,,,,
,,,,,,,,,,,,,,,,,,,,,,,,,,,,,,,,,,,,,,,,,,,,,,,,,,,,,,,,,,,,,,,,
,,,,,,,,,,,,,,,,,,,,,,,,,,,,,,,,,,,,,,,,,,,,,,,,,,,,,,,,,,,,,,,,
,,,,,,,,,,,,,,,,,,,,,,,,,,,,,,,,,,,,,,,,,,,,,,,,,,,,,,,,,,,,,,,,
,,,,,,,,,,,,,,,,,,,,,,,,,,,,,,,,,,,,,,,,,,,,,,,,,,,,,,,,,,,,,,,,
,,,,,,,,,,,,,,,,,,,,,,,,,,,,,,,,,,,,,,,,,,,,,,,,,,,,,,,,,,,,,,,,
,,,,,,,,,,,,,,,,,,,,,,,,,,,,,,,,,,,,,,,,,,,,,,,,,,,,,,,,,,,,,,,,
,,,,,,,,,,,,,,,,,,,,,,,,,,,,,,,,,,,,,,,,,,,,,,,,,,,,,,,,,,,,,,,,
,,,,,,,,,,,,,,,,,,,,,,,,,,,,,,,,,,,,,,,,,,,,,,,,,,,,,,,,,,,,,,,,
,,,,,,,,,,,,,,,,,,,,,,,,,,,,,,,,,,,,,,,,,,,,,,,,,,,,,,,,,,,,,,,,
,,,,,,,,,,,,,,,,,,,,,,,,,,,,,,,,,,,,,,,,,,,,,,,,,,,,,,,,,,,,,,,,
,,,,,,,,,,,,,,,,,,,,,,,,,,,,,,,,,,,,,,,,,,,,,,,,,,,,,,,,,,,,,,,,
,,,,,,,,,,,,,,,,,,,,,,,,,,,,,,,,,,,,,,,,,,,,,,,,,,,,,,,,,,,,,,,,
,,,,,,,,,,,,,,,,,,,,,,,,,,,,,,,,,,,,,,,,,,,,,,,,,,,,,,,,,,,,,,,,
,,,,,,,,,,,,,,,,,,,,,,,,,,,,,,,,,,,,,,,,,,,,,,,,,,,,,,,,,,,,,,,,
,,,,,,,,,,,,,,,,,,,,,,,,,,,,,,,,,,,,,,,,,,,,,,,,,,,,,,,,,,,,,,,,
,,,,,,,,,,,,,,,,,,,,,,,,,,,,,,,,,,,,,,,,,,,,,,,,,,,,,,,,,,,,,,,,
,,,,,,,,,,,,,,,,,,,,,,,,,,,,,,,,,,,,,,,,,,,,,,,,,,,,,,,,,,,,,,,,
,,,,,,,,,,,,,,,,,,,,,,,,,,,,,,,,,,,,,,,,,,,,,,,,,,,,,,,,,,,,,,,,
,,,,,,,,,,,,,,,,,,,,,,,,,,,,,,,,,,,,,,,,,,,,,,,,,,,,,,,,,,,,,,,,
,,,,,,,,,,,,,,,,,,,,,,,,,,,,,,,,,,,,,,,,,,,,,,,,,,,,,,,,,,,,,,,,
,,,,,,,,,,,,,,,,,,,,,,,,,,,,,,,,,,,,,,,,,,,,,,,,,,,,,,,,,,,,,,,,
,,,,,,,,,,,,,,,,,,,,,,,,,,,,,,,,,,,,,,,,,,,,,,,,,,,,,,,,,,,,,,,,
,,,,,,,,,,,,,,,,,,,,,,,,,,,,,,,,,,,,,,,,,,,,,,,,,,,,,,,,,,,,,,,,
,,,,,,,,,,,,,,,,,,,,,,,,,,,,,,,,,,,,,,,,,,,,,,,,,,,,,,,,,,,,,,,,
,,,,,,,,,,,,,,,,,,,,,,,,,,,,,,,,,,,,,,,,,,,,,,,,,,,,,,,,,,,,,,,,
,,,,,,,,,,,,,,,,,,,,,,,,,,,,,,,,,,,,,,,,,,,,,,,,,,,,,,,,,,,,,,,,
,,,,,,,,,,,,,,,,,,,,,,,,,,,,,,,,,,,,,,,,,,,,,,,,,,,,,,,,,,,,,,,,
,,,,,,,,,,,,,,,,,,,,,,,,,,,,,,,,,,,,,,,,,,,,,,,,,,,,,,,,,,,,,,,,
,,,,,,,,,,,,,,,,,,,,,,,,,,,,,,,,,,,,,,,,,,,,,,,,,,,,,,,,,,,,,,,,
,,,,,,,,,,,,,,,,,,,,,,,,,,,,,,,,,,,,,,,,,,,,,,,,,,,,,,,,,,,,,,,,
,,,,,,,,,,,,,,,,,,,,,,,,,,,,,,,,,,,,,,,,,,,,,,,,,,,,,,,,,,,,,,,,
,,,,,,,,,,,,,,,,,,,,,,,,,,,,,,,,,,,,,,,,,,,,,,,,,,,,,,,,,,,,,,,,
,,,,,,,,,,,,,,,,,,,,,,,,,,,,,,,,,,,,,,,,,,,,,,,,,,,,,,,,,,,,,,,,
,,,,,,,,,,,,,,,,,,,,,,,,,,,,,,,,,,,,,,,,,,,,,,,,,,,,,,,,,,,,,,,,
,,,,,,,,,,,,,,,,,,,,,,,,,,,,,,,,,,,,,,,,,,,,,,,,,,,,,,,,,,,,,,,,
,,,,,,,,,,,,,,,,,,,,,,,,,,,,,,,,,,,,,,,,,,,,,,,,,,,,,,,,,,,,,,,,
,,,,,,,,,,,,,,,,,,,,,,,,,,,,,,,,,,,,,,,,,,,,,,,,,,,,,,,,,,,,,,,,
,,,,,,,,,,,,,,,,,,,,,,,,,,,,,,,,,,,,,,,,,,,,,,,,,,,,,,,,,,,,,,,,
,,,,,,,,,,,,,,,,,,,,,,,,,,,,,,,,,,,,,,,,,,,,,,,,,,,,,,,,,,,,,,,,
,,,,,,,,,,,,,,,,,,,,,,,,,,,,,,,,,,,,,,,,,,,,,,,,,,,,,,,,,,,,,,,,
,,,,,,,,,,,,,,,,,,,,,,,,,,,,,,,,,,,,,,,,,,,,,,,,,,,,,,,,,,,,,,,,
,,,,,,,,,,,,,,,,,,,,,,,,,,,,,,,,,,,,,,,,,,,,,,,,,,,,,,,,,,,,,,,,
,,,,,,,,,,,,,,,,,,,,,,,,,,,,,,,,,,,,,,,,,,,,,,,,,,,,,,,,,,,,,,,,
,,,,,,,,,,,,,,,,,,,,,,,,,,,,,,,,,,,,,,,,,,,,,,,,,,,,,,,,,,,,,,,,
,,,,,,,,,,,,,,,,,,,,,,,,,,,,,,,,,,,,,,,,,,,,,,,,,,,,,,,,,,,,,,,,
,,,,,,,,,,,,,,,,,,,,,,,,,,,,,,,,,,,,,,,,,,,,,,,,,,,,,,,,,,,,,,,,
,,,,,,,,,,,,,,,,,,,,,,,,,,,,,,,,,,,,,,,,,,,,,,,,,,,,,,,,,,,,,,,,
,,,,,,,,,,,,,,,,,,,,,,,,,,,,,,,,,,,,,,,,,,,,,,,,,,,,,,,,,,,,,,,,
,,,,,,,,,,,,,,,,,,,,,,,,,,,,,,,,,,,,,,,,,,,,,,,,,,,,,,,,,,,,,,,,
,,,,,,,,,,,,,,,,,,,,,,,,,,,,,,,,,,,,,,,,,,,,,,,,,,,,,,,,,,,,,,,,
,,,,,,,,,,,,,,,,,,,,,,,,,,,,,,,,,,,,,,,,,,,,,,,,,,,,,,,,,,,,,,,,
,,,,,,,,,,,,,,,,,,,,,,,,,,,,,,,,,,,,,,,,,,,,,,,,,,,,,,,,,,,,,,,,
,,,,,,,,,,,,,,,,,,,,,,,,,,,,,,,,,,,,,,,,,,,,,,,,,,,,,,,,,,,,,,,,
,,,,,,,,,,,,,,,,,,,,,,,,,,,,,,,,,,,,,,,,,,,,,,,,,,,,,,,,,,,,,,,,
,,,,,,,,,,,,,,,,,,,,,,,,,,,,,,,,,,,,,,,,,,,,,,,,,,,,,,,,,,,,,,,,
,,,,,,,,,,,,,,,,,,,,,,,,,,,,,,,,,,,,,,,,,,,,,,,,,,,,,,,,,,,,,,,,
,,,,,,,,,,,,,,,,,,,,,,,,,,,,,,,,,,,,,,,,,,,,,,,,,,,,,,,,,,,,,,,,
,,,,,,,,,,,,,,,,,,,,,,,,,,,,,,,,,,,,,,,,,,,,,,,,,,,,,,,,,,,,,,,,
,,,,,,,,,,,,,,,,,,,,,,,,,,,,,,,,,,,,,,,,,,,,,,,,,,,,,,,,,,,,,,,,
,,,,,,,,,,,,,,,,,,,,,,,,,,,,,,,,,,,,,,,,,,,,,,,,,,,,,,,,,,,,,,,,
,,,,,,,,,,,,,,,,,,,,,,,,,,,,,,,,,,,,,,,,,,,,,,,,,,,,,,,,,,,,,,,,
,,,,,,,,,,,,,,,,,,,,,,,,,,,,,,,,,,,,,,,,,,,,,,,,,,,,,,,,,,,,,,,,
,,,,,,,,,,,,,,,,,,,,,,,,,,,,,,,,,,,,,,,,,,,,,,,,,,,,,,,,,,,,,,,,
,,,,,,,,,,,,,,,,,,,,,,,,,,,,,,,,,,,,,,,,,,,,,,,,,,,,,,,,,,,,,,,,
,,,,,,,,,,,,,,,,,,,,,,,,,,,,,,,,,,,,,,,,,,,,,,,,,,,,,,,,,,,,,,,,
,,,,,,,,,,,,,,,,,,,,,,,,,,,,,,,,,,,,,,,,,,,,,,,,,,,,,,,,,,,,,,,,
,,,,,,,,,,,,,,,,,,,,,,,,,,,,,,,,,,,,,,,,,,,,,,,,,,,,,,,,,,,,,,,,
,,,,,,,,,,,,,,,,,,,,,,,,,,,,,,,,,,,,,,,,,,,,,,,,,,,,,,,,,,,,,,,,
,,,,,,,,,,,,,,,,,,,,,,,,,,,,,,,,,,,,,,,,,,,,,,,,,,,,,,,,,,,,,,,,
,,,,,,,,,,,,,,,,,,,,,,,,,,,,,,,,,,,,,,,,,,,,,,,,,,,,,,,,,,,,,,,,
,,,,,,,,,,,,,,,,,,,,,,,,,,,,,,,,,,,,,,,,,,,,,,,,,,,,,,,,,,,,,,,,
,,,,,,,,,,,,,,,,,,,,,,,,,,,,,,,,,,,,,,,,,,,,,,,,,,,,,,,,,,,,,,,,
,,,,,,,,,,,,,,,,,,,,,,,,,,,,,,,,,,,,,,,,,,,,,,,,,,,,,,,,,,,,,,,,
,,,,,,,,,,,,,,,,,,,,,,,,,,,,,,,,,,,,,,,,,,,,,,,,,,,,,,,,,,,,,,,,
,,,,,,,,,,,,,,,,,,,,,,,,,,,,,,,,,,,,,,,,,,,,,,,,,,,,,,,,,,,,,,,,
,,,,,,,,,,,,,,,,,,,,,,,,,,,,,,,,,,,,,,,,,,,,,,,,,,,,,,,,,,,,,,,,
,,,,,,,,,,,,,,,,,,,,,,,,,,,,,,,,,,,,,,,,,,,,,,,,,,,,,,,,,,,,,,,,
,,,,,,,,,,,,,,,,,,,,,,,,,,,,,,,,,,,,,,,,,,,,,,,,,,,,,,,,,,,,,,,,
,,,,,,,,,,,,,,,,,,,,,,,,,,,,,,,,,,,,,,,,,,,,,,,,,,,,,,,,,,,,,,,,
,,,,,,,,,,,,,,,,,,,,,,,,,,,,,,,,,,,,,,,,,,,,,,,,,,,,,,,,,,,,,,,,
,,,,,,,,,,,,,,,,,,,,,,,,,,,,,,,,,,,,,,,,,,,,,,,,,,,,,,,,,,,,,,,,
,,,,,,,,,,,,,,,,,,,,,,,,,,,,,,,,,,,,,,,,,,,,,,,,,,,,,,,,,,,,,,,,
,,,,,,,,,,,,,,,,,,,,,,,,,,,,,,,,,,,,,,,,,,,,,,,,,,,,,,,,,,,,,,,,
,,,,,,,,,,,,,,,,,,,,,,,,,,,,,,,,,,,,,,,,,,,,,,,,,,,,,,,,,,,,,,,,
,,,,,,,,,,,,,,,,,,,,,,,,,,,,,,,,,,,,,,,,,,,,,,,,,,,,,,,,,,,,,,,,
,,,,,,,,,,,,,,,,,,,,,,,,,,,,,,,,,,,,,,,,,,,,,,,,,,,,,,,,,,,,,,,,
,,,,,,,,,,,,,,,,,,,,,,,,,,,,,,,,,,,,,,,,,,,,,,,,,,,,,,,,,,,,,,,,
,,,,,,,,,,,,,,,,,,,,,,,,,,,,,,,,,,,,,,,,,,,,,,,,,,,,,,,,,,,,,,,,
,,,,,,,,,,,,,,,,,,,,,,,,,,,,,,,,,,,,,,,,,,,,,,,,,,,,,,,,,,,,,,,,
,,,,,,,,,,,,,,,,,,,,,,,,,,,,,,,,,,,,,,,,,,,,,,,,,,,,,,,,,,,,,,,,
,,,,,,,,,,,,,,,,,,,,,,,,,,,,,,,,,,,,,,,,,,,,,,,,,,,,,,,,,,,,,,,,
,,,,,,,,,,,,,,,,,,,,,,,,,,,,,,,,,,,,,,,,,,,,,,,,,,,,,,,,,,,,,,,,
,,,,,,,,,,,,,,,,,,,,,,,,,,,,,,,,,,,,,,,,,,,,,,,,,,,,,,,,,,,,,,,,
,,,,,,,,,,,,,,,,,,,,,,,,,,,,,,,,,,,,,,,,,,,,,,,,,,,,,,,,,,,,,,,,
,,,,,,,,,,,,,,,,,,,,,,,,,,,,,,,,,,,,,,,,,,,,,,,,,,,,,,,,,,,,,,,,
,,,,,,,,,,,,,,,,,,,,,,,,,,,,,,,,,,,,,,,,,,,,,,,,,,,,,,,,,,,,,,,,
,,,,,,,,,,,,,,,,,,,,,,,,,,,,,,,,,,,,,,,,,,,,,,,,,,,,,,,,,,,,,,,,
,,,,,,,,,,,,,,,,,,,,,,,,,,,,,,,,,,,,,,,,,,,,,,,,,,,,,,,,,,,,,,,,
,,,,,,,,,,,,,,,,,,,,,,,,,,,,,,,,,,,,,,,,,,,,,,,,,,,,,,,,,,,,,,,,
,,,,,,,,,,,,,,,,,,,,,,,,,,,,,,,,,,,,,,,,,,,,,,,,,,,,,,,,,,,,,,,,
,,,,,,,,,,,,,,,,,,,,,,,,,,,,,,,,,,,,,,,,,,,,,,,,,,,,,,,,,,,,,,,,
,,,,,,,,,,,,,,,,,,,,,,,,,,,,,,,,,,,,,,,,,,,,,,,,,,,,,,,,,,,,,,,,
,,,,,,,,,,,,,,,,,,,,,,,,,,,,,,,,,,,,,,,,,,,,,,,,,,,,,,,,,,,,,,,,
,,,,,,,,,,,,,,,,,,,,,,,,,,,,,,,,,,,,,,,,,,,,,,,,,,,,,,,,,,,,,,,,
,,,,,,,,,,,,,,,,,,,,,,,,,,,,,,,,,,,,,,,,,,,,,,,,,,,,,,,,,,,,,,,,
,,,,,,,,,,,,,,,,,,,,,,,,,,,,,,,,,,,,,,,,,,,,,,,,,,,,,,,,,,,,,,,,
,,,,,,,,,,,,,,,,,,,,,,,,,,,,,,,,,,,,,,,,,,,,,,,,,,,,,,,,,,,,,,,,
,,,,,,,,,,,,,,,,,,,,,,,,,,,,,,,,,,,,,,,,,,,,,,,,,,,,,,,,,,,,,,,,
,,,,,,,,,,,,,,,,,,,,,,,,,,,,,,,,,,,,,,,,,,,,,,,,,,,,,,,,,,,,,,,,
,,,,,,,,,,,,,,,,,,,,,,,,,,,,,,,,,,,,,,,,,,,,,,,,,,,,,,,,,,,,,,,,
,,,,,,,,,,,,,,,,,,,,,,,,,,,,,,,,,,,,,,,,,,,,,,,,,,,,,,,,,,,,,,,,
,,,,,,,,,,,,,,,,,,,,,,,,,,,,,,,,,,,,,,,,,,,,,,,,,,,,,,,,,,,,,,,,
,,,,,,,,,,,,,,,,,,,,,,,,,,,,,,,,,,,,,,,,,,,,,,,,,,,,,,,,,,,,,,,,
,,,,,,,,,,,,,,,,,,,,,,,,,,,,,,,,,,,,,,,,,,,,,,,,,,,,,,,,,,,,,,,,
,,,,,,,,,,,,,,,,,,,,,,,,,,,,,,,,,,,,,,,,,,,,,,,,,,,,,,,,,,,,,,,,
,,,,,,,,,,,,,,,,,,,,,,,,,,,,,,,,,,,,,,,,,,,,,,,,,,,,,,,,,,,,,,,,
,,,,,,,,,,,,,,,,,,,,,,,,,,,,,,,,,,,,,,,,,,,,,,,,,,,,,,,,,,,,,,,,
,,,,,,,,,,,,,,,,,,,,,,,,,,,,,,,,,,,,,,,,,,,,,,,,,,,,,,,,,,,,,,,,
,,,,,,,,,,,,,,,,,,,,,,,,,,,,,,,,,,,,,,,,,,,,,,,,,,,,,,,,,,,,,,,,
,,,,,,,,,,,,,,,,,,,,,,,,,,,,,,,,,,,,,,,,,,,,,,,,,,,,,,,,,,,,,,,,
,,,,,,,,,,,,,,,,,,,,,,,,,,,,,,,,,,,,,,,,,,,,,,,,,,,,,,,,,,,,,,,,
,,,,,,,,,,,,,,,,,,,,,,,,,,,,,,,,,,,,,,,,,,,,,,,,,,,,,,,,,,,,,,,,
,,,,,,,,,,,,,,,,,,,,,,,,,,,,,,,,,,,,,,,,,,,,,,,,,,,,,,,,,,,,,,,,
,,,,,,,,,,,,,,,,,,,,,,,,,,,,,,,,,,,,,,,,,,,,,,,,,,,,,,,,,,,,,,,,
,,,,,,,,,,,,,,,,,,,,,,,,,,,,,,,,,,,,,,,,,,,,,,,,,,,,,,,,,,,,,,,,
,,,,,,,,,,,,,,,,,,,,,,,,,,,,,,,,,,,,,,,,,,,,,,,,,,,,,,,,,,,,,,,,
,,,,,,,,,,,,,,,,,,,,,,,,,,,,,,,,,,,,,,,,,,,,,,,,,,,,,,,,,,,,,,,,
,,,,,,,,,,,,,,,,,,,,,,,,,,,,,,,,,,,,,,,,,,,,,,,,,,,,,,,,,,,,,,,,
,,,,,,,,,,,,,,,,,,,,,,,,,,,,,,,,,,,,,,,,,,,,,,,,,,,,,,,,,,,,,,,,
,,,,,,,,,,,,,,,,,,,,,,,,,,,,,,,,,,,,,,,,,,,,,,,,,,,,,,,,,,,,,,,,
,,,,,,,,,,,,,,,,,,,,,,,,,,,,,,,,,,,,,,,,,,,,,,,,,,,,,,,,,,,,,,,,
,,,,,,,,,,,,,,,,,,,,,,,,,,,,,,,,,,,,,,,,,,,,,,,,,,,,,,,,,,,,,,,,
,,,,,,,,,,,,,,,,,,,,,,,,,,,,,,,,,,,,,,,,,,,,,,,,,,,,,,,,,,,,,,,,
,,,,,,,,,,,,,,,,,,,,,,,,,,,,,,,,,,,,,,,,,,,,,,,,,,,,,,,,,,,,,,,,
,,,,,,,,,,,,,,,,,,,,,,,,,,,,,,,,,,,,,,,,,,,,,,,,,,,,,,,,,,,,,,,,
,,,,,,,,,,,,,,,,,,,,,,,,,,,,,,,,,,,,,,,,,,,,,,,,,,,,,,,,,,,,,,,,
,,,,,,,,,,,,,,,,,,,,,,,,,,,,,,,,,,,,,,,,,,,,,,,,,,,,,,,,,,,,,,,,
,,,,,,,,,,,,,,,,,,,,,,,,,,,,,,,,,,,,,,,,,,,,,,,,,,,,,,,,,,,,,,,,
,,,,,,,,,,,,,,,,,,,,,,,,,,,,,,,,,,,,,,,,,,,,,,,,,,,,,,,,,,,,,,,,
,,,,,,,,,,,,,,,,,,,,,,,,,,,,,,,,,,,,,,,,,,,,,,,,,,,,,,,,,,,,,,,,
,,,,,,,,,,,,,,,,,,,,,,,,,,,,,,,,,,,,,,,,,,,,,,,,,,,,,,,,,,,,,,,,
,,,,,,,,,,,,,,,,,,,,,,,,,,,,,,,,,,,,,,,,,,,,,,,,,,,,,,,,,,,,,,,,
,,,,,,,,,,,,,,,,,,,,,,,,,,,,,,,,,,,,,,,,,,,,,,,,,,,,,,,,,,,,,,,,
,,,,,,,,,,,,,,,,,,,,,,,,,,,,,,,,,,,,,,,,,,,,,,,,,,,,,,,,,,,,,,,,
,,,,,,,,,,,,,,,,,,,,,,,,,,,,,,,,,,,,,,,,,,,,,,,,,,,,,,,,,,,,,,,,
,,,,,,,,,,,,,,,,,,,,,,,,,,,,,,,,,,,,,,,,,,,,,,,,,,,,,,,,,,,,,,,,
,,,,,,,,,,,,,,,,,,,,,,,,,,,,,,,,,,,,,,,,,,,,,,,,,,,,,,,,,,,,,,,,
,,,,,,,,,,,,,,,,,,,,,,,,,,,,,,,,,,,,,,,,,,,,,,,,,,,,,,,,,,,,,,,,
,,,,,,,,,,,,,,,,,,,,,,,,,,,,,,,,,,,,,,,,,,,,,,,,,,,,,,,,,,,,,,,,
,,,,,,,,,,,,,,,,,,,,,,,,,,,,,,,,,,,,,,,,,,,,,,,,,,,,,,,,,,,,,,,,
,,,,,,,,,,,,,,,,,,,,,,,,,,,,,,,,,,,,,,,,,,,,,,,,,,,,,,,,,,,,,,,,
,,,,,,,,,,,,,,,,,,,,,,,,,,,,,,,,,,,,,,,,,,,,,,,,,,,,,,,,,,,,,,,,
,,,,,,,,,,,,,,,,,,,,,,,,,,,,,,,,,,,,,,,,,,,,,,,,,,,,,,,,,,,,,,,,
,,,,,,,,,,,,,,,,,,,,,,,,,,,,,,,,,,,,,,,,,,,,,,,,,,,,,,,,,,,,,,,,
,,,,,,,,,,,,,,,,,,,,,,,,,,,,,,,,,,,,,,,,,,,,,,,,,,,,,,,,,,,,,,,,
,,,,,,,,,,,,,,,,,,,,,,,,,,,,,,,,,,,,,,,,,,,,,,,,,,,,,,,,,,,,,,,,
,,,,,,,,,,,,,,,,,,,,,,,,,,,,,,,,,,,,,,,,,,,,,,,,,,,,,,,,,,,,,,,,
,,,,,,,,,,,,,,,,,,,,,,,,,,,,,,,,,,,,,,,,,,,,,,,,,,,,,,,,,,,,,,,,
,,,,,,,,,,,,,,,,,,,,,,,,,,,,,,,,,,,,,,,,,,,,,,,,,,,,,,,,,,,,,,,,
,,,,,,,,,,,,,,,,,,,,,,,,,,,,,,,,,,,,,,,,,,,,,,,,,,,,,,,,,,,,,,,,
,,,,,,,,,,,,,,,,,,,,,,,,,,,,,,,,,,,,,,,,,,,,,,,,,,,,,,,,,,,,,,,,
,,,,,,,,,,,,,,,,,,,,,,,,,,,,,,,,,,,,,,,,,,,,,,,,,,,,,,,,,,,,,,,,
,,,,,,,,,,,,,,,,,,,,,,,,,,,,,,,,,,,,,,,,,,,,,,,,,,,,,,,,,,,,,,,,
,,,,,,,,,,,,,,,,,,,,,,,,,,,,,,,,,,,,,,,,,,,,,,,,,,,,,,,,,,,,,,,,
,,,,,,,,,,,,,,,,,,,,,,,,,,,,,,,,,,,,,,,,,,,,,,,,,,,,,,,,,,,,,,,,
,,,,,,,,,,,,,,,,,,,,,,,,,,,,,,,,,,,,,,,,,,,,,,,,,,,,,,,,,,,,,,,,
,,,,,,,,,,,,,,,,,,,,,,,,,,,,,,,,,,,,,,,,,,,,,,,,,,,,,,,,,,,,,,,,
,,,,,,,,,,,,,,,,,,,,,,,,,,,,,,,,,,,,,,,,,,,,,,,,,,,,,,,,,,,,,,,,
,,,,,,,,,,,,,,,,,,,,,,,,,,,,,,,,,,,,,,,,,,,,,,,,,,,,,,,,,,,,,,,,
,,,,,,,,,,,,,,,,,,,,,,,,,,,,,,,,,,,,,,,,,,,,,,,,,,,,,,,,,,,,,,,,
,,,,,,,,,,,,,,,,,,,,,,,,,,,,,,,,,,,,,,,,,,,,,,,,,,,,,,,,,,,,,,,,
,,,,,,,,,,,,,,,,,,,,,,,,,,,,,,,,,,,,,,,,,,,,,,,,,,,,,,,,,,,,,,,,
,,,,,,,,,,,,,,,,,,,,,,,,,,,,,,,,,,,,,,,,,,,,,,,,,,,,,,,,,,,,,,,,
,,,,,,,,,,,,,,,,,,,,,,,,,,,,,,,,,,,,,,,,,,,,,,,,,,,,,,,,,,,,,,,,
,,,,,,,,,,,,,,,,,,,,,,,,,,,,,,,,,,,,,,,,,,,,,,,,,,,,,,,,,,,,,,,,
,,,,,,,,,,,,,,,,,,,,,,,,,,,,,,,,,,,,,,,,,,,,,,,,,,,,,,,,,,,,,,,,
,,,,,,,,,,,,,,,,,,,,,,,,,,,,,,,,,,,,,,,,,,,,,,,,,,,,,,,,,,,,,,,,
,,,,,,,,,,,,,,,,,,,,,,,,,,,,,,,,,,,,,,,,,,,,,,,,,,,,,,,,,,,,,,,,
,,,,,,,,,,,,,,,,,,,,,,,,,,,,,,,,,,,,,,,,,,,,,,,,,,,,,,,,,,,,,,,,
,,,,,,,,,,,,,,,,,,,,,,,,,,,,,,,,,,,,,,,,,,,,,,,,,,,,,,,,,,,,,,,,
,,,,,,,,,,,,,,,,,,,,,,,,,,,,,,,,,,,,,,,,,,,,,,,,,,,,,,,,,,,,,,,,
,,,,,,,,,,,,,,,,,,,,,,,,,,,,,,,,,,,,,,,,,,,,,,,,,,,,,,,,,,,,,,,,
,,,,,,,,,,,,,,,,,,,,,,,,,,,,,,,,,,,,,,,,,,,,,,,,,,,,,,,,,,,,,,,,
,,,,,,,,,,,,,,,,,,,,,,,,,,,,,,,,,,,,,,,,,,,,,,,,,,,,,,,,,,,,,,,,
,,,,,,,,,,,,,,,,,,,,,,,,,,,,,,,,,,,,,,,,,,,,,,,,,,,,,,,,,,,,,,,,
,,,,,,,,,,,,,,,,,,,,,,,,,,,,,,,,,,,,,,,,,,,,,,,,,,,,,,,,,,,,,,,,
,,,,,,,,,,,,,,,,,,,,,,,,,,,,,,,,,,,,,,,,,,,,,,,,,,,,,,,,,,,,,,,,
,,,,,,,,,,,,,,,,,,,,,,,,,,,,,,,,,,,,,,,,,,,,,,,,,,,,,,,,,,,,,,,,
,,,,,,,,,,,,,,,,,,,,,,,,,,,,,,,,,,,,,,,,,,,,,,,,,,,,,,,,,,,,,,,,
,,,,,,,,,,,,,,,,,,,,,,,,,,,,,,,,,,,,,,,,,,,,,,,,,,,,,,,,,,,,,,,,