,תאריך הדיווח,30/03/2017,,,,,,,,,,,,,,,,,,,,,,,,,,,,,,,,,,,,,,,,,,,,,,,,,,,,,,,,,,
,החברה המדווחת,,,,,,,,,,,,,,,,,,,,,,,,,,,,,,,,,,,,,,,,,,,,,,,,,,,,,,,,,,,
,שם מסלול/קרן/קופה,303יל השתלמות כללי,,,,,,,,,,,,,,,,,,,,,,,,,,,,,,,,,,,,,,,,,,,,,,,,,,,,,,,,,,
,מספר מסלול/קרן/קופה,1162,,,,,,,,,,,,,,,,,,,,,,,,,,,,,,,,,,,,,,,,,,,,,,,,,,,,,,,,,,
,קוד קופת הגמל,513611509-00000000001038-1162-000,,,,,,,,,,,,,,,,,,,,,,,,,,,,,,,,,,,,,,,,,,,,,,,,,,,,,,,,,,
,1.ב. ניירות ערך סחירים,,,,,,,,,,,,,,,,,,,,,,,,,,,,,,,,,,,,,,,,,,,,,,,,,,,,,,,,,,,
,4. מניות,,,,,,,,,,,,,,,,,,,,,,,,,,,,,,,,,,,,,,,,,,,,,,,,,,,,,,,,,,,
,שם המנפיק/שם נייר ערך ,"מספר ני""ע",זירת מסחר,ספק מידע,מספר מנפיק,ענף מסחר,סוג מטבע,ערך נקוב,שער,שווי שוק,שעור מערך נקוב מונפק,שעור מנכסי אפיק ההשקעה,שעור מסך נכסי השקעה,,,,,,,,,,,,,,,,,,,,,,,,,,,,,,,,,,,,,,,,,,,,,,,
,,,,,,,,,אגורות,אלפי ₪,אחוזים,אחוזים,אחוזים,,,,,,,,,,,,,,,,,,,,,,,,,,,,,,,,,,,,,,,,,,,,,,,
,,(1),(2),(3),(4),(5),(6),(7),(8),(9),(10),(11),(12),,,,,,,,,,,,,,,,,,,,,,,,,,,,,,,,,,,,,,,,,,,,,,,
,"סה""כ מניות",,,,,,,"180,441,307.62",,"1,964,653.19",,100.00,17.78,,,,,,,,,,,,,,,,,,,,,,,,,,,,,,,,,,,,,,,,,,,,,,,
,"סה""כ בישראל",,,,,,,"176,062,245.62",,"1,788,193.59",,91.02,16.19,,,,,,,,,,,,,,,,,,,,,,,,,,,,,,,,,,,,,,,,,,,,,,,
,"סה""כ תל אביב 35",,,,,,,"129,652,417.60",,"899,746.42",,45.80,8.14,,,,,,,,,,,,,,,,,,,,,,,,,,,,,,,,,,,,,,,,,,,,,,,
,"טבע- טבע תעשיות פרמצבטיות בע""מ",629014,TASE,אחר,629,ביוטכנולוגיה,שקל חדש,"180,974.00","11,910.00","21,554.00",0.02,1.10,0.20,,,,,,,,,,,,,,,,,,,,,,,,,,,,,,,,,,,,,,,,,,,,,,,
,מיילן אן.וי- מיילו אן.וי דואלי,1136704,TASE,אחר,1655,ביוטכנולוגיה,שקל חדש,"97,772.00","14,640.00","14,313.82",0.02,0.73,0.13,,,,,,,,,,,,,,,,,,,,,,,,,,,,,,,,,,,,,,,,,,,,,,,
,פריגו- פריגו קומפני דואלי,1130699,TASE,אחר,1612,ביוטכנולוגיה,שקל חדש,"89,420.00","24,480.00","21,890.02",0.06,1.11,0.20,,,,,,,,,,,,,,,,,,,,,,,,,,,,,,,,,,,,,,,,,,,,,,,
,"הראל השקעות- הראל השקעות בביטוח ושרותים פיננסים בע""מ",585018,TASE,אחר,585,ביטוח,שקל חדש,"158,463.00","1,910.00","3,026.64",0.07,0.15,0.03,,,,,,,,,,,,,,,,,,,,,,,,,,,,,,,,,,,,,,,,,,,,,,,
,"אלביט מערכות- אלביט מערכות בע""מ",1081124,TASE,אחר,1040,ביטחוניות,שקל חדש,"41,304.00","41,460.00","17,124.64",0.10,0.87,0.15,,,,,,,,,,,,,,,,,,,,,,,,,,,,,,,,,,,,,,,,,,,,,,,
,"דיסקונט א- בנק דיסקונט לישראל בע""מ",691212,TASE,אחר,691,בנקים,שקל חדש,"3,841,039.00",851.00,"32,687.24",0.33,1.66,0.30,,,,,,,,,,,,,,,,,,,,,,,,,,,,,,,,,,,,,,,,,,,,,,,
,"פועלים- בנק הפועלים בע""מ",662577,TASE,אחר,662,בנקים,שקל חדש,"5,410,765.00","2,208.00","119,469.69",0.41,6.08,1.08,,,,,,,,,,,,,,,,,,,,,,,,,,,,,,,,,,,,,,,,,,,,,,,
,"לאומי- בנק לאומי לישראל בע""מ",604611,TASE,אחר,604,בנקים,שקל חדש,"3,875,533.00","1,600.00","62,008.53",0.25,3.16,0.56,,,,,,,,,,,,,,,,,,,,,,,,,,,,,,,,,,,,,,,,,,,,,,,
,"מזרחי טפחות- בנק מזרחי טפחות בע""מ",695437,TASE,אחר,695,בנקים,שקל חדש,"793,968.00","6,144.00","48,781.39",0.34,2.48,0.44,,,,,,,,,,,,,,,,,,,,,,,,,,,,,,,,,,,,,,,,,,,,,,,
,"בינלאומי 5- הבנק הבינלאומי הראשון לישראל בע""מ",593038,TASE,אחר,593,בנקים,שקל חדש,"231,805.60","5,895.00","13,664.94",0.23,0.70,0.12,,,,,,,,,,,,,,,,,,,,,,,,,,,,,,,,,,,,,,,,,,,,,,,
,אופקו הלת' אינק- אופקו,1129543,TASE,אחר,1610,השקעות במדעי החיים,שקל חדש,"73,448.00","2,932.00","2,153.50",0.01,0.11,0.02,,,,,,,,,,,,,,,,,,,,,,,,,,,,,,,,,,,,,,,,,,,,,,,
,"חברה לישראל- החברה לישראל בע""מ",576017,TASE,אחר,576,השקעות ואחזקות,שקל חדש,"65,392.00","67,830.00","44,355.39",0.85,2.26,0.40,,,,,,,,,,,,,,,,,,,,,,,,,,,,,,,,,,,,,,,,,,,,,,,
,"דלק קבוצה- קבוצת דלק בע""מ",1084128,TASE,אחר,1095,השקעות ואחזקות,שקל חדש,"33,964.00","87,000.00","29,548.68",0.28,1.50,0.27,,,,,,,,,,,,,,,,,,,,,,,,,,,,,,,,,,,,,,,,,,,,,,,
,אבנר יהש- אבנר חיפושי נפט וגז - שותפות מוגבלת,268011,TASE,אחר,268,חיפושי נפט וגז,שקל חדש,"2,123,944.00",246.00,"5,224.90",0.06,0.27,0.05,,,,,,,,,,,,,,,,,,,,,,,,,,,,,,,,,,,,,,,,,,,,,,,
,"בזן- בתי זקוק לנפט בע""מ",2590248,TASE,אחר,259,חיפושי נפט וגז,שקל חדש,"17,504,788.00",143.40,"25,101.87",0.55,1.28,0.23,,,,,,,,,,,,,,,,,,,,,,,,,,,,,,,,,,,,,,,,,,,,,,,
,דלק קדוחים יהש- דלק קידוחים - שותפות מוגבלת,475020,TASE,אחר,475,חיפושי נפט וגז,שקל חדש,"885,461.00","1,319.00","11,679.23",0.16,0.59,0.11,,,,,,,,,,,,,,,,,,,,,,,,,,,,,,,,,,,,,,,,,,,,,,,
,ישראמקו יהש- ישראמקו נגב 2 שותפות מוגבלת,232017,TASE,אחר,232,חיפושי נפט וגז,שקל חדש,"88,390,542.00",63.40,"56,039.60",0.68,2.85,0.51,,,,,,,,,,,,,,,,,,,,,,,,,,,,,,,,,,,,,,,,,,,,,,,
,"פז נפט- פז חברת הנפט בע""מ",1100007,TASE,אחר,1363,חיפושי נפט וגז,שקל חדש,"137,271.00","60,000.00","82,362.60",1.35,4.19,0.75,,,,,,,,,,,,,,,,,,,,,,,,,,,,,,,,,,,,,,,,,,,,,,,
,"כיל- כימיקלים לישראל בע""מ",281014,TASE,אחר,281,"כימיה, גומי ופלסטיק",שקל חדש,"1,029,722.00","1,540.00","15,857.72",0.08,0.81,0.14,,,,,,,,,,,,,,,,,,,,,,,,,,,,,,,,,,,,,,,,,,,,,,,
,"טאואר- טאואר סמיקונדקטור בע""מ",1082379,TASE,אחר,2028,מוליכים למחצה,שקל חדש,"11,371.00","8,381.00",953.00,0.01,0.05,0.01,,,,,,,,,,,,,,,,,,,,,,,,,,,,,,,,,,,,,,,,,,,,,,,
,"פרוטרום- פרוטרום תעשיות בע""מ",1081082,TASE,אחר,1037,מזון,שקל חדש,"118,861.00","20,250.00","24,069.35",0.20,1.23,0.22,,,,,,,,,,,,,,,,,,,,,,,,,,,,,,,,,,,,,,,,,,,,,,,
,"שטראוס- שטראוס גרופ בע""מ",746016,TASE,אחר,746,מזון,שקל חדש,"805,618.00","6,195.00","49,908.04",0.75,2.54,0.45,,,,,,,,,,,,,,,,,,,,,,,,,,,,,,,,,,,,,,,,,,,,,,,
,"אירפורט סיטי- איירפורט סיטי בע""מ",1095835,TASE,אחר,1300,"נדל""ן ובינוי",שקל חדש,"7,770.00","4,661.00",362.16,0.01,0.02,0.00,,,,,,,,,,,,,,,,,,,,,,,,,,,,,,,,,,,,,,,,,,,,,,,
,"אלוני חץ- אלוני-חץ נכסים והשקעות בע""מ",390013,TASE,אחר,390,"נדל""ן ובינוי",שקל חדש,"1,338,720.00","3,412.00","45,677.13",0.86,2.32,0.41,,,,,,,,,,,,,,,,,,,,,,,,,,,,,,,,,,,,,,,,,,,,,,,
,"אמות- אמות השקעות בע""מ",1097278,TASE,אחר,1328,"נדל""ן ובינוי",שקל חדש,"677,535.00","1,749.00","11,850.09",0.22,0.60,0.11,,,,,,,,,,,,,,,,,,,,,,,,,,,,,,,,,,,,,,,,,,,,,,,
,"ביג- ביג מרכזי קניות (2004) בע""מ",1097260,TASE,אחר,1327,"נדל""ן ובינוי",שקל חדש,"28,126.00","25,600.00","7,200.26",0.21,0.37,0.07,,,,,,,,,,,,,,,,,,,,,,,,,,,,,,,,,,,,,,,,,,,,,,,
,"גזית גלוב- גזית-גלוב בע""מ",126011,TASE,אחר,126,"נדל""ן ובינוי",שקל חדש,"1,239,237.00","3,725.00","46,161.58",0.63,2.35,0.42,,,,,,,,,,,,,,,,,,,,,,,,,,,,,,,,,,,,,,,,,,,,,,,
,"מליסרון- מליסרון בע""מ",323014,TASE,אחר,323,"נדל""ן ובינוי",שקל חדש,"199,039.00","20,150.00","40,106.36",0.45,2.04,0.36,,,,,,,,,,,,,,,,,,,,,,,,,,,,,,,,,,,,,,,,,,,,,,,
,"עזריאלי קבוצה- קבוצת עזריאלי בע""מ (לשעבר קנית מימון)",1119478,TASE,אחר,1420,"נדל""ן ובינוי",שקל חדש,"113,704.00","19,220.00","21,853.91",0.09,1.11,0.20,,,,,,,,,,,,,,,,,,,,,,,,,,,,,,,,,,,,,,,,,,,,,,,
,אורמת טכנולוגיות- אורמת טכנולגיות אינק דואלי,1134402,TASE,אחר,2250,קלינטק,שקל חדש,"11,291.00","20,560.00","2,321.43",0.02,0.12,0.02,,,,,,,,,,,,,,,,,,,,,,,,,,,,,,,,,,,,,,,,,,,,,,,
,"נייס- נייס מערכות בע""מ",273011,TASE,אחר,273,תוכנה ואינטרנט,שקל חדש,"85,487.00","24,340.00","20,807.54",0.14,1.06,0.19,,,,,,,,,,,,,,,,,,,,,,,,,,,,,,,,,,,,,,,,,,,,,,,
,"פרטנר- חברת פרטנר תקשורת בע""מ",1083484,TASE,אחר,2095,תקשורת ומדיה,שקל חדש,"13,483.00","1,905.00",256.85,0.01,0.01,0.00,,,,,,,,,,,,,,,,,,,,,,,,,,,,,,,,,,,,,,,,,,,,,,,
,"סלקום- סלקום ישראל בע""מ",1101534,TASE,אחר,2066,תקשורת ומדיה,שקל חדש,"36,600.00","3,755.00","1,374.33",0.04,0.07,0.01,,,,,,,,,,,,,,,,,,,,,,,,,,,,,,,,,,,,,,,,,,,,,,,
,"סה""כ תל אביב 90",,,,,,,"22,527,103.00",,"645,303.71",,32.85,5.84,,,,,,,,,,,,,,,,,,,,,,,,,,,,,,,,,,,,,,,,,,,,,,,
,"פוקס- ויזל- פוקס-ויזל בע""מ",1087022,TASE,אחר,1140,אופנה והלבשה,שקל חדש,"42,033.00","7,284.00","3,061.68",0.31,0.16,0.03,,,,,,,,,,,,,,,,,,,,,,,,,,,,,,,,,,,,,,,,,,,,,,,
,"ארד- ארד בע""מ",1091651,TASE,אחר,1219,אלקטרוניקה ואופטיקה,שקל חדש,"262,378.00","3,893.00","10,214.38",1.06,0.52,0.09,,,,,,,,,,,,,,,,,,,,,,,,,,,,,,,,,,,,,,,,,,,,,,,
,"מיטרוניקס- מיטרוניקס בע""מ",1091065,TASE,אחר,1212,אלקטרוניקה ואופטיקה,שקל חדש,"283,155.00","1,478.00","4,185.03",0.28,0.21,0.04,,,,,,,,,,,,,,,,,,,,,,,,,,,,,,,,,,,,,,,,,,,,,,,
,"קמהדע- קמהדע בע""מ",1094119,TASE,אחר,1267,ביוטכנולוגיה,שקל חדש,"209,170.00","2,520.00","5,271.08",0.57,0.27,0.05,,,,,,,,,,,,,,,,,,,,,,,,,,,,,,,,,,,,,,,,,,,,,,,
,"רדהיל- רדהיל ביופארמה בע""מ",1122381,TASE,אחר,1573,ביוטכנולוגיה,שקל חדש,"31,728.00",350.10,111.08,0.02,0.01,0.00,,,,,,,,,,,,,,,,,,,,,,,,,,,,,,,,,,,,,,,,,,,,,,,
,"פניקס 1- הפניקס אחזקות בע""מ",767012,TASE,אחר,767,ביטוח,שקל חדש,"252,009.00","1,451.00","3,656.65",0.10,0.19,0.03,,,,,,,,,,,,,,,,,,,,,,,,,,,,,,,,,,,,,,,,,,,,,,,
,"כלל עסקי ביטוח- כלל החזקות עסקי ביטוח בע""מ",224014,TASE,אחר,224,ביטוח,שקל חדש,"78,985.00","5,705.00","4,506.09",0.14,0.23,0.04,,,,,,,,,,,,,,,,,,,,,,,,,,,,,,,,,,,,,,,,,,,,,,,
,"מגדל ביטוח- מגדל אחזקות ביטוח ופיננסים בע""מ",1081165,TASE,אחר,1041,ביטוח,שקל חדש,"5,998,846.00",350.00,"20,995.96",0.57,1.07,0.19,,,,,,,,,,,,,,,,,,,,,,,,,,,,,,,,,,,,,,,,,,,,,,,
,"מנורה מבטחים החזקות- מנורה מבטחים החזקות בע""מ",566018,TASE,אחר,566,ביטוח,שקל חדש,"429,876.00","4,057.00","17,440.07",0.68,0.89,0.16,,,,,,,,,,,,,,,,,,,,,,,,,,,,,,,,,,,,,,,,,,,,,,,
,"אגוד- בנק אגוד לישראל בע""מ",722314,TASE,אחר,722,בנקים,שקל חדש,"316,039.00","1,551.00","4,901.76",0.43,0.25,0.04,,,,,,,,,,,,,,,,,,,,,,,,,,,,,,,,,,,,,,,,,,,,,,,
,דקסיה ישראל- בנק דקסיה ישראל,711010,TASE,אחר,711,בנקים,שקל חדש,566.00,"98,260.00",556.15,0.08,0.03,0.01,,,,,,,,,,,,,,,,,,,,,,,,,,,,,,,,,,,,,,,,,,,,,,,
,"פיבי- פ.י.ב.י. אחזקות בע""מ",763011,TASE,אחר,763,בנקים,שקל חדש,"550,561.00","7,450.00","41,016.79",1.55,2.09,0.37,,,,,,,,,,,,,,,,,,,,,,,,,,,,,,,,,,,,,,,,,,,,,,,
,"אלקו החזקות- אלקו בע""מ",694034,TASE,אחר,694,השקעות ואחזקות,שקל חדש,"451,647.00","6,956.00","31,416.57",1.31,1.60,0.28,,,,,,,,,,,,,,,,,,,,,,,,,,,,,,,,,,,,,,,,,,,,,,,
,"אקויטל- אקויטל בע""מ",755017,TASE,אחר,755,השקעות ואחזקות,שקל חדש,"225,910.00","8,393.00","18,960.63",1.33,0.97,0.17,,,,,,,,,,,,,,,,,,,,,,,,,,,,,,,,,,,,,,,,,,,,,,,
,"ביטוח ישיר- ביטוח ישיר - השקעות פיננסיות בע""מ",1083682,TASE,אחר,1089,השקעות ואחזקות,שקל חדש,"532,093.00","3,303.00","17,575.03",0.80,0.89,0.16,,,,,,,,,,,,,,,,,,,,,,,,,,,,,,,,,,,,,,,,,,,,,,,
,"יואל- י.ו.א.ל. ירושלים אויל אקספלורשיין בע""מ",583013,TASE,אחר,583,השקעות ואחזקות,שקל חדש,"257,011.00","18,450.00","47,418.53",1.49,2.41,0.43,,,,,,,,,,,,,,,,,,,,,,,,,,,,,,,,,,,,,,,,,,,,,,,
,"מבטח שמיר- מבטח שמיר אחזקות בע""מ",127019,TASE,אחר,127,השקעות ואחזקות,שקל חדש,"130,893.00","7,990.00","10,458.35",1.24,0.53,0.09,,,,,,,,,,,,,,,,,,,,,,,,,,,,,,,,,,,,,,,,,,,,,,,
,"צור- צור שמיר אחזקות בע""מ",730010,TASE,אחר,730,השקעות ואחזקות,שקל חדש,"911,422.00","1,232.00","11,228.72",0.94,0.57,0.10,,,,,,,,,,,,,,,,,,,,,,,,,,,,,,,,,,,,,,,,,,,,,,,
,קנון- קנון,1134139,TASE,אחר,1635,השקעות ואחזקות,שקל חדש,"134,772.00","4,191.00","5,648.29",0.25,0.29,0.05,,,,,,,,,,,,,,,,,,,,,,,,,,,,,,,,,,,,,,,,,,,,,,,
,"חנל יהש- חנ""ל - ים המלח שותפות מוגבלת",243014,TASE,אחר,243,חיפושי נפט וגז,שקל חדש,"126,553.00","2,986.00","3,778.87",0.40,0.19,0.03,,,,,,,,,,,,,,,,,,,,,,,,,,,,,,,,,,,,,,,,,,,,,,,
,"פלסאון תעשיות- פלסאון תעשיות בע""מ",1081603,TASE,אחר,1057,"כימיה, גומי ופלסטיק",שקל חדש,"4,464.00","11,290.00",503.99,0.05,0.03,0.00,,,,,,,,,,,,,,,,,,,,,,,,,,,,,,,,,,,,,,,,,,,,,,,
,"פלרם- פלרם (1990) תעשיות בע""מ",644013,TASE,אחר,644,"כימיה, גומי ופלסטיק",שקל חדש,"4,780.00","2,846.00",136.04,0.02,0.01,0.00,,,,,,,,,,,,,,,,,,,,,,,,,,,,,,,,,,,,,,,,,,,,,,,
,"נובה- נובה מכשירי מדידה בע""מ",1084557,TASE,אחר,2177,מוליכים למחצה,שקל חדש,"128,690.00","6,508.00","8,375.15",0.47,0.43,0.08,,,,,,,,,,,,,,,,,,,,,,,,,,,,,,,,,,,,,,,,,,,,,,,
,"נטו אחזקות- נטו מ.ע. אחזקות בע""מ",168013,TASE,אחר,168,מזון,שקל חדש,"77,297.00","34,020.00","26,296.44",2.09,1.34,0.24,,,,,,,,,,,,,,,,,,,,,,,,,,,,,,,,,,,,,,,,,,,,,,,
,"מזור רובוטיקה- מזור רובוטיקה ניתוחיות בע""מ",1106855,TASE,אחר,1487,מכשור רפואי,שקל חדש,"26,949.00","5,349.00","1,441.50",0.06,0.07,0.01,,,,,,,,,,,,,,,,,,,,,,,,,,,,,,,,,,,,,,,,,,,,,,,
,"דלק רכב- דלק מערכות רכב בע""מ",829010,TASE,אחר,829,מסחר,שקל חדש,"278,095.00","3,306.00","9,193.82",0.30,0.47,0.08,,,,,,,,,,,,,,,,,,,,,,,,,,,,,,,,,,,,,,,,,,,,,,,
,"סקופ- קבוצת סקופ מתכות בע""מ",288019,TASE,אחר,288,מסחר,שקל חדש,"161,074.00","9,578.00","15,427.67",1.48,0.79,0.14,,,,,,,,,,,,,,,,,,,,,,,,,,,,,,,,,,,,,,,,,,,,,,,
,"שופרסל- שופר-סל בע""מ",777037,TASE,אחר,777,מסחר,שקל חדש,"1,563,837.00","1,755.00","27,445.34",0.74,1.40,0.25,,,,,,,,,,,,,,,,,,,,,,,,,,,,,,,,,,,,,,,,,,,,,,,
,"קליל- קליל תעשיות בע""מ",797035,TASE,אחר,797,מתכת ומוצרי בניה,שקל חדש,"3,873.00","39,070.00","1,513.18",0.16,0.08,0.01,,,,,,,,,,,,,,,,,,,,,,,,,,,,,,,,,,,,,,,,,,,,,,,
,"אפריקה נכסים- אפריקה ישראל נכסים בע""מ",1091354,TASE,אחר,1172,"נדל""ן ובינוי",שקל חדש,"53,085.00","7,315.00","3,883.17",0.19,0.20,0.04,,,,,,,,,,,,,,,,,,,,,,,,,,,,,,,,,,,,,,,,,,,,,,,
,"אשטרום נכסים- אשטרום נכסים בע""מ",251017,TASE,אחר,251,"נדל""ן ובינוי",שקל חדש,"1,430.00","1,467.00",20.98,0.00,0.00,0.00,,,,,,,,,,,,,,,,,,,,,,,,,,,,,,,,,,,,,,,,,,,,,,,
,בראק קפיטל- בראק קפיטל פרופרטיז אן וי,1121607,TASE,אחר,1560,"נדל""ן ובינוי",שקל חדש,"6,393.00","34,000.00","2,173.62",0.09,0.11,0.02,,,,,,,,,,,,,,,,,,,,,,,,,,,,,,,,,,,,,,,,,,,,,,,
,"וילאר- וילאר אינטרנשיונל בע""מ",416016,TASE,אחר,416,"נדל""ן ובינוי",שקל חדש,"330,486.00","9,000.00","29,743.74",1.86,1.51,0.27,,,,,,,,,,,,,,,,,,,,,,,,,,,,,,,,,,,,,,,,,,,,,,,
,"נכסים ובנין- חברה לנכסים ולבנין בע""מ",699017,TASE,אחר,699,"נדל""ן ובינוי",שקל חדש,"10,939.00","32,760.00","3,583.62",0.17,0.18,0.03,,,,,,,,,,,,,,,,,,,,,,,,,,,,,,,,,,,,,,,,,,,,,,,
,"דמרי- י.ח.דמרי בניה ופיתוח בע""מ",1090315,TASE,אחר,1193,"נדל""ן ובינוי",שקל חדש,"84,529.00","6,306.00","5,330.40",0.47,0.27,0.05,,,,,,,,,,,,,,,,,,,,,,,,,,,,,,,,,,,,,,,,,,,,,,,
,"ישרס- ישרס חברה להשקעות בע""מ",613034,TASE,אחר,613,"נדל""ן ובינוי",שקל חדש,"45,359.00","41,060.00","18,624.41",0.90,0.95,0.17,,,,,,,,,,,,,,,,,,,,,,,,,,,,,,,,,,,,,,,,,,,,,,,
,"מבני תעשיה- מבני תעשיה בע""מ",226019,TASE,אחר,226,"נדל""ן ובינוי",שקל חדש,"9,100.00",485.40,44.17,0.00,0.00,0.00,,,,,,,,,,,,,,,,,,,,,,,,,,,,,,,,,,,,,,,,,,,,,,,
,"מגה אור- מגה אור החזקות בע""מ",1104488,TASE,אחר,1450,"נדל""ן ובינוי",שקל חדש,"356,688.00","3,326.00","11,863.44",1.27,0.60,0.11,,,,,,,,,,,,,,,,,,,,,,,,,,,,,,,,,,,,,,,,,,,,,,,
,נורסטאר- נורסטאר החזקות אינק  לשעבר גזית אינק,723007,TASE,אחר,723,"נדל""ן ובינוי",שקל חדש,"346,942.00","7,603.00","26,378.00",1.19,1.34,0.24,,,,,,,,,,,,,,,,,,,,,,,,,,,,,,,,,,,,,,,,,,,,,,,
,"סאמיט- סאמיט אחזקות נדל""ן בע""מ",1081686,TASE,אחר,1060,"נדל""ן ובינוי",שקל חדש,"961,753.00","2,429.00","23,360.98",1.21,1.19,0.21,,,,,,,,,,,,,,,,,,,,,,,,,,,,,,,,,,,,,,,,,,,,,,,
,"סלע נדלן- סלע קפיטל נדל""ן בע""מ",1109644,TASE,אחר,1514,"נדל""ן ובינוי",שקל חדש,"729,337.00",644.80,"4,702.76",0.52,0.24,0.04,,,,,,,,,,,,,,,,,,,,,,,,,,,,,,,,,,,,,,,,,,,,,,,
,אשטרום קבוצה- קבוצת אשטרום,1132315,TASE,אחר,1618,"נדל""ן ובינוי",שקל חדש,"525,760.00","1,152.00","6,056.76",0.64,0.31,0.05,,,,,,,,,,,,,,,,,,,,,,,,,,,,,,,,,,,,,,,,,,,,,,,
,"רבוע נדלן- רבוע כחול נדל""ן בע""מ",1098565,TASE,אחר,1349,"נדל""ן ובינוי",שקל חדש,"45,441.00","17,000.00","7,724.97",0.39,0.39,0.07,,,,,,,,,,,,,,,,,,,,,,,,,,,,,,,,,,,,,,,,,,,,,,,
,"ריט 1- ריט 1 בע""מ",1098920,TASE,אחר,1357,"נדל""ן ובינוי",שקל חדש,"1,157,139.00","1,203.00","13,920.38",0.71,0.71,0.13,,,,,,,,,,,,,,,,,,,,,,,,,,,,,,,,,,,,,,,,,,,,,,,
,"אבגול- אבגול תעשיות 1953 בע""מ",1100957,TASE,אחר,1390,"עץ, נייר ודפוס",שקל חדש,"1,344,983.00",459.20,"6,176.16",0.46,0.31,0.06,,,,,,,,,,,,,,,,,,,,,,,,,,,,,,,,,,,,,,,,,,,,,,,
,נייר חדרה- נייר חדרה לשעבר מפעלי נייר,632018,TASE,אחר,632,"עץ, נייר ודפוס",שקל חדש,"140,614.00","16,160.00","22,723.22",2.20,1.16,0.21,,,,,,,,,,,,,,,,,,,,,,,,,,,,,,,,,,,,,,,,,,,,,,,
,"שלאג- שלא""ג תעשיות בע""מ",1090547,TASE,אחר,1198,"עץ, נייר ודפוס",שקל חדש,"400,292.00","1,754.00","7,021.12",1.09,0.36,0.06,,,,,,,,,,,,,,,,,,,,,,,,,,,,,,,,,,,,,,,,,,,,,,,
,"גילת- גילת רשתות לווין בע""מ",1082510,TASE,אחר,2030,ציוד תקשורת,שקל חדש,"13,107.00","1,815.00",237.89,0.02,0.01,0.00,,,,,,,,,,,,,,,,,,,,,,,,,,,,,,,,,,,,,,,,,,,,,,,
,"אנרג'יקס- אנרג'יקס אנרגיות מתחדשות בע""מ",1123355,TASE,אחר,1581,קלינטק,שקל חדש,"895,804.00",251.70,"2,254.74",0.25,0.11,0.02,,,,,,,,,,,,,,,,,,,,,,,,,,,,,,,,,,,,,,,,,,,,,,,
,"וואן טכנולוגיות תוכנה- וואן טכנולוגיות תוכנה(או.אס.טי)בע""מ",161018,TASE,אחר,161,שירותי מידע,שקל חדש,"63,709.00","12,980.00","8,269.43",0.94,0.42,0.07,,,,,,,,,,,,,,,,,,,,,,,,,,,,,,,,,,,,,,,,,,,,,,,
,"חילן טק- חילן טק בע""מ",1084698,TASE,אחר,1110,שירותי מידע,שקל חדש,252.00,"6,400.00",16.13,0.00,0.00,0.00,,,,,,,,,,,,,,,,,,,,,,,,,,,,,,,,,,,,,,,,,,,,,,,
,"מטריקס- מטריקס אי.טי בע""מ",445015,TASE,אחר,445,שירותי מידע,שקל חדש,"204,564.00","3,416.00","6,987.91",0.34,0.36,0.06,,,,,,,,,,,,,,,,,,,,,,,,,,,,,,,,,,,,,,,,,,,,,,,
,"מלם תים- מלם-תים בע""מ",156018,TASE,אחר,156,שירותי מידע,שקל חדש,"12,043.00","39,330.00","4,736.51",0.46,0.24,0.04,,,,,,,,,,,,,,,,,,,,,,,,,,,,,,,,,,,,,,,,,,,,,,,
,"פורמולה מערכות- פורמולה מערכות (1985)בע""מ",256016,TASE,אחר,256,שירותי מידע,שקל חדש,"141,005.00","14,420.00","20,332.92",0.96,1.03,0.18,,,,,,,,,,,,,,,,,,,,,,,,,,,,,,,,,,,,,,,,,,,,,,,
,"דנאל כא- דנאל (אדיר יהושע) בע""מ",314013,TASE,אחר,314,שירותים,שקל חדש,"77,152.00","16,550.00","12,768.66",1.60,0.65,0.12,,,,,,,,,,,,,,,,,,,,,,,,,,,,,,,,,,,,,,,,,,,,,,,
,"מיטב דש- מיטב דש השקעות בע""מ",1081843,TASE,אחר,1064,שירותים פיננסיים,שקל חדש,"72,486.00","1,537.00","1,114.11",0.11,0.06,0.01,,,,,,,,,,,,,,,,,,,,,,,,,,,,,,,,,,,,,,,,,,,,,,,
,"מג'יק- מג'יק תעשיות תכנה בע""מ",1082312,TASE,אחר,2026,תוכנה ואינטרנט,שקל חדש,"394,900.00","2,824.00","11,151.98",0.89,0.57,0.10,,,,,,,,,,,,,,,,,,,,,,,,,,,,,,,,,,,,,,,,,,,,,,,
,סאפיינס- סאפיינס אינטרנשיונל קורפוריישן N.V,1087659,TASE,אחר,1146,תוכנה ואינטרנט,שקל חדש,"87,487.00","4,751.00","4,156.51",0.17,0.21,0.04,,,,,,,,,,,,,,,,,,,,,,,,,,,,,,,,,,,,,,,,,,,,,,,
,"אינטרנט זהב- אינטרנט גולד - קווי זהב בע""מ",1083443,TASE,אחר,2156,תקשורת ומדיה,שקל חדש,"344,600.00","3,770.00","12,991.42",1.37,0.66,0.12,,,,,,,,,,,,,,,,,,,,,,,,,,,,,,,,,,,,,,,,,,,,,,,
,"בי קומיונקיישנס- בי קומיוניקיישנס בע""מ לשעבר סמייל 012",1107663,TASE,אחר,1422,תקשורת ומדיה,שקל חדש,"195,018.00","7,291.00","14,218.76",0.65,0.72,0.13,,,,,,,,,,,,,,,,,,,,,,,,,,,,,,,,,,,,,,,,,,,,,,,
,"סה""כ מניות היתר",,,,,,,"23,882,725.02",,"243,143.46",,12.38,2.20,,,,,,,,,,,,,,,,,,,,,,,,,,,,,,,,,,,,,,,,,,,,,,,
,"בריל- בריל תעשיות נעליים בע""מ",399014,TASE,אחר,399,אופנה והלבשה,שקל חדש,"7,962.00","1,674.00",133.28,0.13,0.01,0.00,,,,,,,,,,,,,,,,,,,,,,,,,,,,,,,,,,,,,,,,,,,,,,,
,"סיאי- סי אי סיסטמס (ישראל) בע""מ",442012,TASE,אחר,442,אלקטרוניקה ואופטיקה,שקל חדש,"78,668.00",442.70,348.26,0.71,0.02,0.00,,,,,,,,,,,,,,,,,,,,,,,,,,,,,,,,,,,,,,,,,,,,,,,
,"פיסיבי טכנולוגיות- פי.סי.בי. טכנולוגיות בע""מ",1091685,TASE,אחר,1221,אלקטרוניקה ואופטיקה,שקל חדש,"737,322.00",343.00,"2,529.01",2.22,0.13,0.02,,,,,,,,,,,,,,,,,,,,,,,,,,,,,,,,,,,,,,,,,,,,,,,
,"פריורטק- פריורטק בע""מ",328013,TASE,אחר,328,אלקטרוניקה ואופטיקה,שקל חדש,"149,465.00","2,040.00","3,049.09",1.28,0.16,0.03,,,,,,,,,,,,,,,,,,,,,,,,,,,,,,,,,,,,,,,,,,,,,,,
,"אבוג'ן- אבוג'ן בע""מ",1105055,TASE,אחר,1461,ביוטכנולוגיה,שקל חדש,"99,347.00","1,927.00","1,914.42",0.39,0.10,0.02,,,,,,,,,,,,,,,,,,,,,,,,,,,,,,,,,,,,,,,,,,,,,,,
,"אפוסנס- אפוסנס בע""מ",1119593,TASE,אחר,1545,ביוטכנולוגיה,שקל חדש,"473,019.00",109.50,517.96,1.76,0.03,0.00,,,,,,,,,,,,,,,,,,,,,,,,,,,,,,,,,,,,,,,,,,,,,,,
,"אורביט- אורביט-אלחוט טכנולוגיות בע""מ",265017,TASE,אחר,265,ביטחוניות,שקל חדש,"198,197.00",712.50,"1,412.15",1.85,0.07,0.01,,,,,,,,,,,,,,,,,,,,,,,,,,,,,,,,,,,,,,,,,,,,,,,
,"אימקו- אימקו תעשיות בע""מ",282012,TASE,אחר,282,ביטחוניות,שקל חדש,"53,125.00","1,862.00",989.19,0.99,0.05,0.01,,,,,,,,,,,,,,,,,,,,,,,,,,,,,,,,,,,,,,,,,,,,,,,
,"אראסאל- אר.אס.אל.אלקטרוניקה בע""מ",299016,TASE,אחר,299,ביטחוניות,שקל חדש,"5,100.00",204.80,10.44,0.05,0.00,0.00,,,,,,,,,,,,,,,,,,,,,,,,,,,,,,,,,,,,,,,,,,,,,,,
,"ירושלים- בנק ירושלים בע""מ",726018,TASE,אחר,726,בנקים,שקל חדש,"18,347.00",793.70,145.62,0.03,0.01,0.00,,,,,,,,,,,,,,,,,,,,,,,,,,,,,,,,,,,,,,,,,,,,,,,
,"הון אחזקות-ש- ע.ל הון אחזקות(2016)בע""מ",1084367,TASE,אחר,1102,השקעות בהיי-טק,שקל חדש,368.00,780.00,2.87,0.03,0.00,0.00,,,,,,,,,,,,,,,,,,,,,,,,,,,,,,,,,,,,,,,,,,,,,,,
,"הדסית ביו- אייץ' בי אל - הדסית ביו אחזקות בע""מ",1095405,TASE,אחר,1294,השקעות במדעי החיים,שקל חדש,"16,900.40",215.00,36.34,0.15,0.00,0.00,,,,,,,,,,,,,,,,,,,,,,,,,,,,,,,,,,,,,,,,,,,,,,,
,"אלרון- אלרון תעשיה אלקטרונית בע""מ",749077,TASE,אחר,749,השקעות במדעי החיים,שקל חדש,"74,865.00","1,808.00","1,353.56",0.25,0.07,0.01,,,,,,,,,,,,,,,,,,,,,,,,,,,,,,,,,,,,,,,,,,,,,,,
,"ביומדיקס- ביומדיקס אינקובטור בע""מ",368019,TASE,אחר,368,השקעות במדעי החיים,שקל חדש,"310,000.00",5.50,17.05,0.22,0.00,0.00,,,,,,,,,,,,,,,,,,,,,,,,,,,,,,,,,,,,,,,,,,,,,,,
,"כלל ביוטכנולוגיה- כלל תעשיות ביוטכנולוגיה בע""מ",1104280,TASE,אחר,1447,השקעות במדעי החיים,שקל חדש,"913,184.00",315.60,"2,882.01",0.67,0.15,0.03,,,,,,,,,,,,,,,,,,,,,,,,,,,,,,,,,,,,,,,,,,,,,,,
,"קפיטל פוינט- קפיטל פוינט בע""מ",1097146,TASE,אחר,1325,השקעות במדעי החיים,שקל חדש,"2,672,233.00",64.50,"1,723.59",2.17,0.09,0.02,,,,,,,,,,,,,,,,,,,,,,,,,,,,,,,,,,,,,,,,,,,,,,,
,"בי.ג'י.איי (בהשעיה)- בי.ג'י.איי השקעות (1961) בע""מ",1092709,TASE,אחר,1238,השקעות ואחזקות,שקל חדש,"50,790.00",42.30,21.48,0.10,0.00,0.00,,,,,,,,,,,,,,,,,,,,,,,,,,,,,,,,,,,,,,,,,,,,,,,
,"חירון - חירון-מסחר השקעות ומבנה תעשיה בע""מ",150011,TASE,אחר,150,השקעות ואחזקות,שקל חדש,"1,552.00","127,000.00","1,971.04",0.31,0.10,0.02,,,,,,,,,,,,,,,,,,,,,,,,,,,,,,,,,,,,,,,,,,,,,,,
,"יצוא- יצוא-חברה להשקעות בע""מ",704015,TASE,אחר,704,השקעות ואחזקות,שקל חדש,"114,588.00","2,394.00","2,743.24",1.01,0.14,0.02,,,,,,,,,,,,,,,,,,,,,,,,,,,,,,,,,,,,,,,,,,,,,,,
,"לפידות- לפידות חברת מחפשי נפט לישראל בע""מ",642017,TASE,אחר,642,השקעות ואחזקות,שקל חדש,"607,409.00","2,084.00","12,658.40",1.40,0.64,0.11,,,,,,,,,,,,,,,,,,,,,,,,,,,,,,,,,,,,,,,,,,,,,,,
,"ערד- ערד השקעות ופתוח תעשיה בע""מ",731018,TASE,אחר,731,השקעות ואחזקות,שקל חדש,"20,239.00","19,270.00","3,900.06",0.26,0.20,0.04,,,,,,,,,,,,,,,,,,,,,,,,,,,,,,,,,,,,,,,,,,,,,,,
,"תדאה- תדאה, פיתוח טכנולוגי ואוטומציה בע""מ",142018,TASE,אחר,142,השקעות ואחזקות,שקל חדש,"168,429.00","1,246.00","2,098.63",2.58,0.11,0.02,,,,,,,,,,,,,,,,,,,,,,,,,,,,,,,,,,,,,,,,,,,,,,,
,"אלון חיפושי גז- אלון חיפושי גז טבעי בע""מ",1117688,TASE,אחר,1531,חיפושי נפט וגז,שקל חדש,"232,092.00","6,371.00","14,786.58",1.65,0.75,0.13,,,,,,,,,,,,,,,,,,,,,,,,,,,,,,,,,,,,,,,,,,,,,,,
,"דלק אנרגיה- דלק מערכות אנרגיה בע""מ",565010,TASE,אחר,565,חיפושי נפט וגז,שקל חדש,"12,480.00","188,400.00","23,512.32",0.24,1.20,0.21,,,,,,,,,,,,,,,,,,,,,,,,,,,,,,,,,,,,,,,,,,,,,,,
,הזדמנות ישראלית מקורות אנרגיה- הזדמנות ישראלית מקורות אנרגיה שותפות מובלת,1119924,TASE,אחר,1551,חיפושי נפט וגז,שקל חדש,"269,472.70",126.60,341.15,0.72,0.02,0.00,,,,,,,,,,,,,,,,,,,,,,,,,,,,,,,,,,,,,,,,,,,,,,,
,לפידות חלץ יהש- לפידות-חלץ - שותפות מוגבלת,1091248,TASE,אחר,1216,חיפושי נפט וגז,שקל חדש,"418,990.35",130.50,546.78,0.60,0.03,0.00,,,,,,,,,,,,,,,,,,,,,,,,,,,,,,,,,,,,,,,,,,,,,,,
,נפטא חיפושים- נפטא חיפושים - שותפות מוגבלת,274019,TASE,אחר,274,חיפושי נפט וגז,שקל חדש,"3,061.00","1,416.00",43.34,0.01,0.00,0.00,,,,,,,,,,,,,,,,,,,,,,,,,,,,,,,,,,,,,,,,,,,,,,,
,"שמן נפט וגז- שמן משאבי נפט וגז בע""מ",1125012,TASE,אחר,1595,חיפושי נפט וגז,שקל חדש,"7,812.77",261.00,20.39,0.33,0.00,0.00,,,,,,,,,,,,,,,,,,,,,,,,,,,,,,,,,,,,,,,,,,,,,,,
,"מר- ח.מר תעשיות בע""מ",338012,TASE,אחר,338,חשמל,שקל חדש,"43,071.00","2,312.00",995.80,0.37,0.05,0.01,,,,,,,,,,,,,,,,,,,,,,,,,,,,,,,,,,,,,,,,,,,,,,,
,"שנפ- מפעלי ע. שנפ ושות' בע""מ",1103571,TASE,אחר,1427,חשמל,שקל חדש,"179,255.00","3,547.00","6,358.17",1.41,0.32,0.06,,,,,,,,,,,,,,,,,,,,,,,,,,,,,,,,,,,,,,,,,,,,,,,
,"תאת טכנולוגיות- תאת טכנולוגיות בע""מ",1082726,TASE,אחר,2110,חשמל,שקל חדש,"115,299.00","3,556.00","4,100.03",1.27,0.21,0.04,,,,,,,,,,,,,,,,,,,,,,,,,,,,,,,,,,,,,,,,,,,,,,,
,"גולן פלסטיק- גולן מוצרי פלסטיק בע""מ",1091933,TASE,אחר,1226,"כימיה, גומי ופלסטיק",שקל חדש,"207,226.00",890.00,"1,844.31",0.79,0.09,0.02,,,,,,,,,,,,,,,,,,,,,,,,,,,,,,,,,,,,,,,,,,,,,,,
,"גניגר- גניגר מפעלי פלסטיק בע""מ",1095892,TASE,אחר,1301,"כימיה, גומי ופלסטיק",שקל חדש,"459,182.00","2,727.00","12,521.89",3.02,0.64,0.11,,,,,,,,,,,,,,,,,,,,,,,,,,,,,,,,,,,,,,,,,,,,,,,
,"כפרית- כפרית תעשיות (1993) בע""מ",522011,TASE,אחר,522,"כימיה, גומי ופלסטיק",שקל חדש,"587,649.00","1,814.00","10,659.95",2.48,0.54,0.10,,,,,,,,,,,,,,,,,,,,,,,,,,,,,,,,,,,,,,,,,,,,,,,
,"מקסימה- מקסימה המרכז להפרדת אויר בע""מ",134015,TASE,אחר,134,"כימיה, גומי ופלסטיק",שקל חדש,"33,292.00","1,351.00",449.77,0.17,0.02,0.00,,,,,,,,,,,,,,,,,,,,,,,,,,,,,,,,,,,,,,,,,,,,,,,
,"נובולוג- נובולוג פארם אפ 1966 בע""מ",1140151,TASE,אחר,1677,"כימיה, גומי ופלסטיק",שקל חדש,"3,523,000.00",173.00,"6,094.79",1.01,0.31,0.06,,,,,,,,,,,,,,,,,,,,,,,,,,,,,,,,,,,,,,,,,,,,,,,
,"רבל- רבל אי.סי.אס. בע""מ",1103878,TASE,אחר,1436,"כימיה, גומי ופלסטיק",שקל חדש,"878,903.00",885.70,"7,784.44",1.13,0.40,0.07,,,,,,,,,,,,,,,,,,,,,,,,,,,,,,,,,,,,,,,,,,,,,,,
,"רם-און- רם-און השקעות והחזקות (1999) בע""מ",1090943,TASE,אחר,1209,"כימיה, גומי ופלסטיק",שקל חדש,"183,529.00","1,528.00","2,804.32",1.09,0.14,0.03,,,,,,,,,,,,,,,,,,,,,,,,,,,,,,,,,,,,,,,,,,,,,,,
,"קווליטאו- קווליטאו בע""מ",1083955,TASE,אחר,1093,מוליכים למחצה,שקל חדש,"48,561.00",719.80,349.54,1.14,0.02,0.00,,,,,,,,,,,,,,,,,,,,,,,,,,,,,,,,,,,,,,,,,,,,,,,
,"קמטק- קמטק בע""מ",1095264,TASE,אחר,2174,מוליכים למחצה,שקל חדש,"99,410.00","1,350.00","1,342.04",0.27,0.07,0.01,,,,,,,,,,,,,,,,,,,,,,,,,,,,,,,,,,,,,,,,,,,,,,,
,"גן שמואל- גן שמואל מזון בע""מ",532010,TASE,אחר,532,מזון,שקל חדש,"106,650.00","3,431.00","3,659.16",0.67,0.19,0.03,,,,,,,,,,,,,,,,,,,,,,,,,,,,,,,,,,,,,,,,,,,,,,,
,"זנלכל- זנלכל בע""מ",130013,TASE,אחר,130,מזון,שקל חדש,495.00,"1,961.00",9.71,0.00,0.00,0.00,,,,,,,,,,,,,,,,,,,,,,,,,,,,,,,,,,,,,,,,,,,,,,,
,"מעברות- מוצרי מעברות בע""מ",528018,TASE,אחר,528,מזון,שקל חדש,"94,156.00","6,926.00","6,521.24",0.96,0.33,0.06,,,,,,,,,,,,,,,,,,,,,,,,,,,,,,,,,,,,,,,,,,,,,,,
,"צאם- צאם מוצרי מזון (ישראל) בע""מ",342014,TASE,אחר,342,מזון,שקל חדש,"20,375.00",302.20,61.57,0.08,0.00,0.00,,,,,,,,,,,,,,,,,,,,,,,,,,,,,,,,,,,,,,,,,,,,,,,
,"ביו ויו- ביו ויו בע""מ",1096049,TASE,אחר,1305,מכשור רפואי,שקל חדש,"479,500.00",392.50,"1,882.04",3.44,0.10,0.02,,,,,,,,,,,,,,,,,,,,,,,,,,,,,,,,,,,,,,,,,,,,,,,
,"מדיקל קומפרישיין- מדיקל קומפרישין סיסטם (די.בי.אן.) בע""מ",1096890,TASE,אחר,1318,מכשור רפואי,שקל חדש,"138,658.00",30.80,42.71,0.77,0.00,0.00,,,,,,,,,,,,,,,,,,,,,,,,,,,,,,,,,,,,,,,,,,,,,,,
,"ישרוטל- ישרוטל בע""מ",1080985,TASE,אחר,1032,מלונאות ותיירות,שקל חדש,"6,365.00","3,050.00",194.13,0.01,0.01,0.00,,,,,,,,,,,,,,,,,,,,,,,,,,,,,,,,,,,,,,,,,,,,,,,
,"אילקס מדיקל- אילקס מדיקל בע""מ",1080753,TASE,אחר,1019,מסחר,שקל חדש,"3,920.00","4,045.00",158.56,0.04,0.01,0.00,,,,,,,,,,,,,,,,,,,,,,,,,,,,,,,,,,,,,,,,,,,,,,,
,"ברימאג ( חסום)- ברימאג דיגיטל אייג' בע""מ",1094283,TASE,אחר,1269,מסחר,שקל חדש,"62,956.00","2,137.37","1,345.60",0.61,0.07,0.01,,,,,,,,,,,,,,,,,,,,,,,,,,,,,,,,,,,,,,,,,,,,,,,
,"ברימאג- ברימאג דיגיטל אייג' בע""מ",1094283,TASE,אחר,1269,מסחר,שקל חדש,"27,853.00","2,243.00",624.74,0.27,0.03,0.01,,,,,,,,,,,,,,,,,,,,,,,,,,,,,,,,,,,,,,,,,,,,,,,
,"ויליפוד- וילי פוד השקעות בע""מ",371013,TASE,אחר,371,מסחר,שקל חדש,"15,997.00","1,518.00",242.83,0.12,0.01,0.00,,,,,,,,,,,,,,,,,,,,,,,,,,,,,,,,,,,,,,,,,,,,,,,
,"טיב טעם- טיב טעם הולדינגס 1 בע""מ",103010,TASE,אחר,103,מסחר,שקל חדש,"1,351,434.00",293.60,"3,967.81",1.30,0.20,0.04,,,,,,,,,,,,,,,,,,,,,,,,,,,,,,,,,,,,,,,,,,,,,,,
,"מנדלסוןתשת- מנדלסון תשתיות ותעשיות בע""מ",1129444,TASE,אחר,1247,מסחר,שקל חדש,"280,730.00",630.30,"1,769.44",0.84,0.09,0.02,,,,,,,,,,,,,,,,,,,,,,,,,,,,,,,,,,,,,,,,,,,,,,,
,"נטו מלינדה- נטו מלינדה סחר בע""מ",1105097,TASE,אחר,1463,מסחר,שקל חדש,"128,932.00","5,046.00","6,505.91",0.62,0.33,0.06,,,,,,,,,,,,,,,,,,,,,,,,,,,,,,,,,,,,,,,,,,,,,,,
,"ניסקו חשמל- ניסקו חשמל ואלקטרוניקה בע""מ",1103621,TASE,אחר,1429,מסחר,שקל חדש,"13,500.00",940.00,126.90,0.16,0.01,0.00,,,,,,,,,,,,,,,,,,,,,,,,,,,,,,,,,,,,,,,,,,,,,,,
,"נעמן- נעמן פורצלן בע""מ",1083575,TASE,אחר,1085,מסחר,שקל חדש,"42,321.00",315.60,133.57,0.23,0.01,0.00,,,,,,,,,,,,,,,,,,,,,,,,,,,,,,,,,,,,,,,,,,,,,,,
,"עמיר שיווק- עמיר שיווק והשקעות בחקלאות בע""מ",1092204,TASE,אחר,1232,מסחר,שקל חדש,"224,219.00","3,194.00","7,161.55",1.79,0.36,0.06,,,,,,,,,,,,,,,,,,,,,,,,,,,,,,,,,,,,,,,,,,,,,,,
,"קרסו- קרסו מוטורס בע""מ",1123850,TASE,אחר,1585,מסחר,שקל חדש,"162,198.00","3,971.00","6,440.88",0.24,0.33,0.06,,,,,,,,,,,,,,,,,,,,,,,,,,,,,,,,,,,,,,,,,,,,,,,
,"ראלקו- ראלקו סוכנויות בע""מ",393017,TASE,אחר,393,מסחר,שקל חדש,"33,033.00","3,753.00","1,239.73",0.79,0.06,0.01,,,,,,,,,,,,,,,,,,,,,,,,,,,,,,,,,,,,,,,,,,,,,,,
,"אפריקה תעשיות- אפריקה ישראל תעשיות בע""מ",800011,TASE,אחר,800,מתכת ומוצרי בניה,שקל חדש,"4,168.00","7,487.00",312.06,0.26,0.02,0.00,,,,,,,,,,,,,,,,,,,,,,,,,,,,,,,,,,,,,,,,,,,,,,,
,"חד אסף תעשיות- חד-אסף תעשיות בע""מ",351015,TASE,אחר,351,מתכת ומוצרי בניה,שקל חדש,"85,839.00","1,628.00","1,397.46",0.70,0.07,0.01,,,,,,,,,,,,,,,,,,,,,,,,,,,,,,,,,,,,,,,,,,,,,,,
,"בית שמש- מנועי בית שמש אחזקות (1997) בע""מ",1081561,TASE,אחר,1054,מתכת ומוצרי בניה,שקל חדש,"2,500.00","7,069.00",176.73,0.04,0.01,0.00,,,,,,,,,,,,,,,,,,,,,,,,,,,,,,,,,,,,,,,,,,,,,,,
,"צינורות המזה""ת- צנורות המזרח התיכון בע""מ",454017,TASE,אחר,454,מתכת ומוצרי בניה,שקל חדש,"25,350.00",617.30,156.49,0.05,0.01,0.00,,,,,,,,,,,,,,,,,,,,,,,,,,,,,,,,,,,,,,,,,,,,,,,
,"לכיש- תעשיות לכיש בע""מ",826016,TASE,אחר,826,מתכת ומוצרי בניה,שקל חדש,"8,400.00",588.00,49.39,0.11,0.00,0.00,,,,,,,,,,,,,,,,,,,,,,,,,,,,,,,,,,,,,,,,,,,,,,,
,"אדגר- אדגר השקעות ופיתוח בע""מ",1820083,TASE,אחר,182,"נדל""ן ובינוי",שקל חדש,"1,065,803.00",626.40,"6,676.19",0.93,0.34,0.06,,,,,,,,,,,,,,,,,,,,,,,,,,,,,,,,,,,,,,,,,,,,,,,
,"דוניץ- אחים דוניץ בע""מ",400010,TASE,אחר,400,"נדל""ן ובינוי",שקל חדש,"22,322.00","7,900.00","1,763.44",0.28,0.09,0.02,,,,,,,,,,,,,,,,,,,,,,,,,,,,,,,,,,,,,,,,,,,,,,,
,"אלקטרה נדלן- אלקטרה נדל""ן בע""מ",1094044,TASE,אחר,1264,"נדל""ן ובינוי",שקל חדש,"210,476.00",674.00,"1,418.61",0.37,0.07,0.01,,,,,,,,,,,,,,,,,,,,,,,,,,,,,,,,,,,,,,,,,,,,,,,
,"אספן גרופ- אספן גרופ בע""מ",313015,TASE,אחר,313,"נדל""ן ובינוי",שקל חדש,"69,307.00",625.10,433.24,0.12,0.02,0.00,,,,,,,,,,,,,,,,,,,,,,,,,,,,,,,,,,,,,,,,,,,,,,,
,"ב. יאיר- ב.יאיר חברה קבלנית לעבודות בניה 1988 בע""מ",1097229,TASE,אחר,1289,"נדל""ן ובינוי",שקל חדש,"26,073.00","4,044.00","1,054.39",0.42,0.05,0.01,,,,,,,,,,,,,,,,,,,,,,,,,,,,,,,,,,,,,,,,,,,,,,,
,"בית הזהב- בית-הזהב בע""מ",235010,TASE,אחר,235,"נדל""ן ובינוי",שקל חדש,"34,176.00","1,484.00",507.17,0.20,0.03,0.00,,,,,,,,,,,,,,,,,,,,,,,,,,,,,,,,,,,,,,,,,,,,,,,
,"גרינרג'י ס- גרינרג'י אנרגיות מתחדשות בע""מ",1104363,TASE,אחר,1344,"נדל""ן ובינוי",שקל חדש,"29,740.00",94.60,28.13,0.21,0.00,0.00,,,,,,,,,,,,,,,,,,,,,,,,,,,,,,,,,,,,,,,,,,,,,,,
,"דורסל- דורסל (ב.א.ז.) בע""מ",1096676,TASE,אחר,1312,"נדל""ן ובינוי",שקל חדש,"5,462.00",997.60,54.49,0.02,0.00,0.00,,,,,,,,,,,,,,,,,,,,,,,,,,,,,,,,,,,,,,,,,,,,,,,
,"וויי בוקס (שם קודם-מרתון)- ויי בוקס נדלן בע""מ( לשעבר מרתון )",486027,TASE,אחר,486,"נדל""ן ובינוי",שקל חדש,"423,956.00",87.10,369.27,0.27,0.02,0.00,,,,,,,,,,,,,,,,,,,,,,,,,,,,,,,,,,,,,,,,,,,,,,,
,ישראל קנדה- ישראל קנדה לשער פאנגאיה נדלן,434019,TASE,אחר,434,"נדל""ן ובינוי",שקל חדש,"301,693.00",345.50,"1,042.35",0.15,0.05,0.01,,,,,,,,,,,,,,,,,,,,,,,,,,,,,,,,,,,,,,,,,,,,,,,
,"לודזיה- לודזיה רוטקס השקעות בע""מ",753012,TASE,אחר,753,"נדל""ן ובינוי",שקל חדש,"9,630.00","3,735.00",359.68,0.22,0.02,0.00,,,,,,,,,,,,,,,,,,,,,,,,,,,,,,,,,,,,,,,,,,,,,,,
,"מהדרין- מהדרין בע""מ",686014,TASE,אחר,686,"נדל""ן ובינוי",שקל חדש,"1,021.00","17,350.00",177.14,0.03,0.01,0.00,,,,,,,,,,,,,,,,,,,,,,,,,,,,,,,,,,,,,,,,,,,,,,,
,מירלנד- מירלנד דיוולופמנט קורפריישן פיי אל סי,1108638,TASE,אחר,1502,"נדל""ן ובינוי",שקל חדש,"148,572.00",355.00,527.43,0.20,0.03,0.00,,,,,,,,,,,,,,,,,,,,,,,,,,,,,,,,,,,,,,,,,,,,,,,
,"מישורים- מישורים חברה לפיתוח בע""מ",1105196,TASE,אחר,1467,"נדל""ן ובינוי",שקל חדש,"119,820.00",816.90,978.81,0.39,0.05,0.01,,,,,,,,,,,,,,,,,,,,,,,,,,,,,,,,,,,,,,,,,,,,,,,
,"מנרב- מנרב אחזקות בע""מ",155036,TASE,אחר,155,"נדל""ן ובינוי",שקל חדש,"3,559.00","52,200.00","1,857.80",0.38,0.09,0.02,,,,,,,,,,,,,,,,,,,,,,,,,,,,,,,,,,,,,,,,,,,,,,,
,מנרב פרויקטים- מנרב פרוייקטים,1140243,TASE,אחר,1678,"נדל""ן ובינוי",שקל חדש,"368,000.00",484.00,"1,781.12",0.44,0.09,0.02,,,,,,,,,,,,,,,,,,,,,,,,,,,,,,,,,,,,,,,,,,,,,,,
,"נתנאל גרופ- נתנאל גרופ בע""מ",421016,TASE,אחר,421,"נדל""ן ובינוי",שקל חדש,"378,902.00",683.70,"2,590.55",1.72,0.13,0.02,,,,,,,,,,,,,,,,,,,,,,,,,,,,,,,,,,,,,,,,,,,,,,,
,"פוליגון- פוליגון נדל""ן בע""מ",745018,TASE,אחר,745,"נדל""ן ובינוי",שקל חדש,"16,202.00","1,618.00",262.15,0.31,0.01,0.00,,,,,,,,,,,,,,,,,,,,,,,,,,,,,,,,,,,,,,,,,,,,,,,
,"פרשקובסקי- פרשקובסקי השקעות ובניין בע""מ",1102128,TASE,אחר,1330,"נדל""ן ובינוי",שקל חדש,"21,484.00","2,523.00",542.04,0.12,0.03,0.00,,,,,,,,,,,,,,,,,,,,,,,,,,,,,,,,,,,,,,,,,,,,,,,
,"צמח המרמן- צ.מ.ח המרמן בע""מ",1104058,TASE,אחר,1442,"נדל""ן ובינוי",שקל חדש,"283,854.00","1,339.00","3,800.81",1.57,0.19,0.03,,,,,,,,,,,,,,,,,,,,,,,,,,,,,,,,,,,,,,,,,,,,,,,
,"קרדן נדלן יזום- קרדן נדל""ן יזום ופיתוח בע""מ",1118447,TASE,אחר,1083,"נדל""ן ובינוי",שקל חדש,"138,580.00",192.60,266.91,0.08,0.01,0.00,,,,,,,,,,,,,,,,,,,,,,,,,,,,,,,,,,,,,,,,,,,,,,,
,"רבד- רבד בע""מ",526012,TASE,אחר,526,"נדל""ן ובינוי",שקל חדש,"458,753.00",724.90,"3,325.50",1.72,0.17,0.03,,,,,,,,,,,,,,,,,,,,,,,,,,,,,,,,,,,,,,,,,,,,,,,
,"ניסן- ניסן תעשיות רפואיות בע""מ",660019,TASE,אחר,660,"עץ, נייר ודפוס",שקל חדש,"112,659.00","3,313.00","3,732.39",1.20,0.19,0.03,,,,,,,,,,,,,,,,,,,,,,,,,,,,,,,,,,,,,,,,,,,,,,,
,"שניב- שניב תעשיות נייר בע""מ",1080837,TASE,אחר,1025,"עץ, נייר ודפוס",שקל חדש,"291,100.00",473.40,"1,378.07",0.61,0.07,0.01,,,,,,,,,,,,,,,,,,,,,,,,,,,,,,,,,,,,,,,,,,,,,,,
,"מיקרונט- מיקרונט בע""מ",1099787,TASE,אחר,1370,ציוד תקשורת,שקל חדש,"31,138.00",149.40,46.52,0.13,0.00,0.00,,,,,,,,,,,,,,,,,,,,,,,,,,,,,,,,,,,,,,,,,,,,,,,
,"אמת- א.מ.ת. מיחשוב בע""מ",382010,TASE,אחר,382,שירותי מידע,שקל חדש,"233,177.00","1,403.00","3,271.47",0.45,0.17,0.03,,,,,,,,,,,,,,,,,,,,,,,,,,,,,,,,,,,,,,,,,,,,,,,
,"אי.אל.די- אי.אל.די. אדוונסד לוגיסטיקס דוולופמנטס בע""מ",1084003,TASE,אחר,1094,שירותי מידע,שקל חדש,"42,014.00",518.20,217.72,0.74,0.01,0.00,,,,,,,,,,,,,,,,,,,,,,,,,,,,,,,,,,,,,,,,,,,,,,,
,"טלדור- טלדור מערכות מחשבים (1986) בע""מ",477018,TASE,אחר,477,שירותי מידע,שקל חדש,"147,768.00","2,837.00","4,192.18",1.32,0.21,0.04,,,,,,,,,,,,,,,,,,,,,,,,,,,,,,,,,,,,,,,,,,,,,,,
,"מחשוב ישיר קבוצה- קבוצת מיחשוב ישיר בע""מ",507012,TASE,אחר,507,שירותי מידע,שקל חדש,"91,466.00","11,250.00","10,289.93",1.97,0.52,0.09,,,,,,,,,,,,,,,,,,,,,,,,,,,,,,,,,,,,,,,,,,,,,,,
,"ארן- ארן מחקר ופיתוח (1982) בע""מ",1085265,TASE,אחר,1122,שירותים,שקל חדש,"79,076.00","2,226.00","1,760.23",1.62,0.09,0.02,,,,,,,,,,,,,,,,,,,,,,,,,,,,,,,,,,,,,,,,,,,,,,,
,"רפק- רפק תקשורת ותשתיות בע""מ",769026,TASE,אחר,769,שירותים,שקל חדש,"382,057.00",834.20,"3,187.12",2.52,0.16,0.03,,,,,,,,,,,,,,,,,,,,,,,,,,,,,,,,,,,,,,,,,,,,,,,
,"איביאי בית השקעות- אי.בי.אי. בית השקעות בע""מ",175018,TASE,אחר,175,שירותים פיננסיים,שקל חדש,"1,100.00","3,494.00",38.43,0.01,0.00,0.00,,,,,,,,,,,,,,,,,,,,,,,,,,,,,,,,,,,,,,,,,,,,,,,
,"אנליסט- אנליסט אי.אמ.אס.-שרותי ניהול השקעות בע""מ",1080613,TASE,אחר,1008,שירותים פיננסיים,שקל חדש,"7,976.00","2,371.00",189.11,0.06,0.01,0.00,,,,,,,,,,,,,,,,,,,,,,,,,,,,,,,,,,,,,,,,,,,,,,,
,"פועלים איביאי- פועלים אי.בי.אי.-ניהול וחיתום בע""מ",1084482,TASE,אחר,1106,שירותים פיננסיים,שקל חדש,"173,822.00","1,738.00","3,021.03",0.87,0.15,0.03,,,,,,,,,,,,,,,,,,,,,,,,,,,,,,,,,,,,,,,,,,,,,,,
,"אלגומייזר בע""מ- אלגומייזר בע""מ לשעבר מעריב",744011,TASE,אחר,744,תוכנה ואינטרנט,שקל חדש,"51,329.00",483.40,248.12,0.27,0.01,0.00,,,,,,,,,,,,,,,,,,,,,,,,,,,,,,,,,,,,,,,,,,,,,,,
,"וויטסמוק- וויטסמוק תוכנה בע""מ לשעבר אלדן טק",216010,TASE,אחר,216,תוכנה ואינטרנט,שקל חדש,"648,023.80",99.70,646.08,0.89,0.03,0.01,,,,,,,,,,,,,,,,,,,,,,,,,,,,,,,,,,,,,,,,,,,,,,,
,"סינאל- סינאל תעשיות בע""מ",1084953,TASE,אחר,1115,תוכנה ואינטרנט,שקל חדש,"50,970.00","3,594.00","1,831.86",0.90,0.09,0.02,,,,,,,,,,,,,,,,,,,,,,,,,,,,,,,,,,,,,,,,,,,,,,,
,"פורמולה ויז'ן- פורמולה ויז'ן טכנולוג'יס (אפ.וי.טי) בע""מ",169011,TASE,אחר,169,תוכנה ואינטרנט,שקל חדש,"2,100.00",61.00,1.28,0.00,0.00,0.00,,,,,,,,,,,,,,,,,,,,,,,,,,,,,,,,,,,,,,,,,,,,,,,
,"קו מנחה- קו מנחה שרותי מידע ותקשורת בע""מ",271015,TASE,אחר,271,תקשורת ומדיה,שקל חדש,"6,620.00","1,226.00",81.16,0.07,0.00,0.00,,,,,,,,,,,,,,,,,,,,,,,,,,,,,,,,,,,,,,,,,,,,,,,
,"סה""כ call 001 אופציות",,,,,,,0.00,,0.00,,0.00,0.00,,,,,,,,,,,,,,,,,,,,,,,,,,,,,,,,,,,,,,,,,,,,,,,
,0,0,,,,0,0,0.00,0.00,0.00,0.00,0.00,0.00,,,,,,,,,,,,,,,,,,,,,,,,,,,,,,,,,,,,,,,,,,,,,,,
,"סה""כ בחו""ל",,,,,,,"4,379,062.00",,"176,459.60",,8.98,1.60,,,,,,,,,,,,,,,,,,,,,,,,,,,,,,,,,,,,,,,,,,,,,,,
,"סה""כ חברות ישראליות בחו""ל",,,,,,,"2,653,271.00",,"146,874.69",,7.48,1.33,,,,,,,,,,,,,,,,,,,,,,,,,,,,,,,,,,,,,,,,,,,,,,,
,CAESAR STONE SDOT- CAESAR STON SDOT,IL0011259137,NASDAQ,בלומברג,12277,Materials,דולר אמריקאי,"274,210.00","3,545.00","35,140.49",0.80,1.79,0.32,,,,,,,,,,,,,,,,,,,,,,,,,,,,,,,,,,,,,,,,,,,,,,,
,"MATOMY MEDIA-WI- מטומי מדיה גרופ בע""מ",IL0011316978,LSE,בלומברג,2280,Media,לירה שטרלינג,"91,526.00",103.50,425.91,0.10,0.02,0.00,,,,,,,,,,,,,,,,,,,,,,,,,,,,,,,,,,,,,,,,,,,,,,,
,PLURISTEM Therapeutics Inc SYS- PLURISTEM THERAPEUTICS,US72940P1066-70165154,NASDAQ,בלומברג,10337,Pharmaceuticals & Biotechnology,דולר אמריקאי,"727,570.00",121.00,"3,182.50",2.76,0.16,0.03,,,,,,,,,,,,,,,,,,,,,,,,,,,,,,,,,,,,,,,,,,,,,,,
,Enzymotec ltd- אינזימוטק,IL0011296188,NASDAQ,בלומברג,11173,Pharmaceuticals & Biotechnology,דולר אמריקאי,"370,122.00",860.00,"11,506.72",1.71,0.59,0.10,,,,,,,,,,,,,,,,,,,,,,,,,,,,,,,,,,,,,,,,,,,,,,,
,"Mellanox Technologies- מלאנוקס טכנולוגיות בע""מ",IL0011017329,NASDAQ,בלומברג,2254,Semiconductors & Semiconductor Equipment,דולר אמריקאי,"48,521.00","5,095.00","8,936.80",0.10,0.45,0.08,,,,,,,,,,,,,,,,,,,,,,,,,,,,,,,,,,,,,,,,,,,,,,,
,"Nova measuring inst- נובה מכשירי מדידה בע""מ",IL0010845571,NASDAQ,בלומברג,2177,Semiconductors & Semiconductor Equipment,דולר אמריקאי,"8,190.00","1,862.00",551.28,0.03,0.03,0.00,,,,,,,,,,,,,,,,,,,,,,,,,,,,,,,,,,,,,,,,,,,,,,,
,"Camtek Ltd- קמטק בע""מ",IL0010952641,NASDAQ,בלומברג,2174,Semiconductors & Semiconductor Equipment,דולר אמריקאי,"145,646.00",372.00,"1,958.62",0.54,0.10,0.02,,,,,,,,,,,,,,,,,,,,,,,,,,,,,,,,,,,,,,,,,,,,,,,
,Verint Systems Inc- VERINT SYSTEMS,US92343X1000,NASDAQ,בלומברג,10467,Software & Services,דולר אמריקאי,"25,566.00","4,405.00","4,071.15",0.04,0.21,0.04,,,,,,,,,,,,,,,,,,,,,,,,,,,,,,,,,,,,,,,,,,,,,,,
,"JACADA LTD- ג'קדה בע""מ",IL0010834500,אחר,בלומברג,2157,Software & Services,דולר אמריקאי,"10,550.00",510.00,194.51,0.05,0.01,0.00,,,,,,,,,,,,,,,,,,,,,,,,,,,,,,,,,,,,,,,,,,,,,,,
,"Radware ltd- רדוור בע""מ",IL0010834765,NASDAQ,בלומברג,2159,Software & Services,דולר אמריקאי,"234,058.00","1,610.00","13,622.53",0.53,0.69,0.12,,,,,,,,,,,,,,,,,,,,,,,,,,,,,,,,,,,,,,,,,,,,,,,
,Kornit Digital ltd- Kornit Digital Ltd,IL0011216723,NASDAQ,בלומברג,12849,Technology Hardware & Equipment,דולר אמריקאי,"157,329.00","1,905.00","10,834.58",0.48,0.55,0.10,,,,,,,,,,,,,,,,,,,,,,,,,,,,,,,,,,,,,,,,,,,,,,,
,"Orbotec- אורבוטק בע""מ",IL0010823388,NASDAQ,בלומברג,10497,Technology Hardware & Equipment,דולר אמריקאי,"134,614.00","3,224.00","15,688.94",0.28,0.80,0.14,,,,,,,,,,,,,,,,,,,,,,,,,,,,,,,,,,,,,,,,,,,,,,,
,"Ituran Location And Control- איתוראן איתור ושליטה בע""מ",IL0010818685,NASDAQ,בלומברג,1065,Technology Hardware & Equipment,דולר אמריקאי,"24,121.00","2,980.00","2,598.48",0.10,0.13,0.02,,,,,,,,,,,,,,,,,,,,,,,,,,,,,,,,,,,,,,,,,,,,,,,
,"Radcom  ltdt- רדקום בע""מ",IL0010826688,NASDAQ,בלומברג,2104,Technology Hardware & Equipment,דולר אמריקאי,"237,997.00","2,150.00","18,497.72",3.72,0.94,0.17,,,,,,,,,,,,,,,,,,,,,,,,,,,,,,,,,,,,,,,,,,,,,,,
,"RADCOM LTD REST- רדקום בע""מ",IL0010826688,NASDAQ,בלומברג,2104,Technology Hardware & Equipment,דולר אמריקאי,"90,153.00","2,150.00","7,006.92",1.41,0.36,0.06,,,,,,,,,,,,,,,,,,,,,,,,,,,,,,,,,,,,,,,,,,,,,,,
,"Silicom limited- סיליקום בע""מ",IL0010826928,NASDAQ,בלומברג,2107,Telecommunication Services,דולר אמריקאי,"73,098.00","4,790.00","12,657.54",1.00,0.64,0.11,,,,,,,,,,,,,,,,,,,,,,,,,,,,,,,,,,,,,,,,,,,,,,,
,"סה""כ חברות זרות בחו""ל",,,,,,,"1,725,791.00",,"29,584.91",,1.51,0.27,,,,,,,,,,,,,,,,,,,,,,,,,,,,,,,,,,,,,,,,,,,,,,,
,AFI development- AFI Development PLC,US00106J2006,אחר,בלומברג,10603,Real Estate,דולר אמריקאי,"77,024.00",19.40,54.02,0.01,0.00,0.00,,,,,,,,,,,,,,,,,,,,,,,,,,,,,,,,,,,,,,,,,,,,,,,
,AFI Development Plc B- AFI Development PLC,CY0101380612,LSE,בלומברג,10603,Real Estate,דולר אמריקאי,"83,704.00",20.13,60.91,0.02,0.00,0.00,,,,,,,,,,,,,,,,,,,,,,,,,,,,,,,,,,,,,,,,,,,,,,,
,Brack Capital real state- BRACK CAPITAL Real Estate ln,NL0010763611,LSE,בלומברג,11242,Real Estate,אירו,"1,175,971.00",109.75,"5,010.22",0.77,0.26,0.05,,,,,,,,,,,,,,,,,,,,,,,,,,,,,,,,,,,,,,,,,,,,,,,
,SEDG US_SOLAREDGE TECHNOLOGI- SOLAREDGE TECHNOLOGIES INC,US83417M1045,NASDAQ,בלומברג,27183,Semiconductors & Semiconductor Equipment,דולר אמריקאי,"371,426.00","1,550.00","20,811.93",0.90,1.06,0.19,,,,,,,,,,,,,,,,,,,,,,,,,,,,,,,,,,,,,,,,,,,,,,,
,Ormat Technologies- אורמת טכנולגיות אינק דואלי,US6866881021,NYSE,בלומברג,2250,Utilities,דולר אמריקאי,"17,666.00","5,712.00","3,647.83",0.04,0.19,0.03,,,,,,,,,,,,,,,,,,,,,,,,,,,,,,,,,,,,,,,,,,,,,,,
,בעל ענין/צד קשור *,,,,,,,,,,,,,,,,,,,,,,,,,,,,,,,,,,,,,,,,,,,,,,,,,,,,,,,,,,,
,,,,,,,,,,,,,,,,,,,,,,,,,,,,,,,,,,,,,,,,,,,,,,,,,,,,,,,,,,,,
,,,,,,,,,,,,,,,,,,,,,,,,,,,,,,,,,,,,,,,,,,,,,,,,,,,,,,,,,,,,
,,,,,,,,,,,,,,,,,,,,,,,,,,,,,,,,,,,,,,,,,,,,,,,,,,,,,,,,,,,,
,,,,,,,,,,,,,,,,,,,,,,,,,,,,,,,,,,,,,,,,,,,,,,,,,,,,,,,,,,,,
,,,,,,,,,,,,,,,,,,,,,,,,,,,,,,,,,,,,,,,,,,,,,,,,,,,,,,,,,,,,
,,,,,,,,,,,,,,,,,,,,,,,,,,,,,,,,,,,,,,,,,,,,,,,,,,,,,,,,,,,,
,,,,,,,,,,,,,,,,,,,,,,,,,,,,,,,,,,,,,,,,,,,,,,,,,,,,,,,,,,,,
,,,,,,,,,,,,,,,,,,,,,,,,,,,,,,,,,,,,,,,,,,,,,,,,,,,,,,,,,,,,
,,,,,,,,,,,,,,,,,,,,,,,,,,,,,,,,,,,,,,,,,,,,,,,,,,,,,,,,,,,,
,,,,,,,,,,,,,,,,,,,,,,,,,,,,,,,,,,,,,,,,,,,,,,,,,,,,,,,,,,,,
,,,,,,,,,,,,,,,,,,,,,,,,,,,,,,,,,,,,,,,,,,,,,,,,,,,,,,,,,,,,
,,,,,,,,,,,,,,,,,,,,,,,,,,,,,,,,,,,,,,,,,,,,,,,,,,,,,,,,,,,,
,,,,,,,,,,,,,,,,,,,,,,,,,,,,,,,,,,,,,,,,,,,,,,,,,,,,,,,,,,,,
,,,,,,,,,,,,,,,,,,,,,,,,,,,,,,,,,,,,,,,,,,,,,,,,,,,,,,,,,,,,
,,,,,,,,,,,,,,,,,,,,,,,,,,,,,,,,,,,,,,,,,,,,,,,,,,,,,,,,,,,,
,,,,,,,,,,,,,,,,,,,,,,,,,,,,,,,,,,,,,,,,,,,,,,,,,,,,,,,,,,,,
,,,,,,,,,,,,,,,,,,,,,,,,,,,,,,,,,,,,,,,,,,,,,,,,,,,,,,,,,,,,
,,,,,,,,,,,,,,,,,,,,,,,,,,,,,,,,,,,,,,,,,,,,,,,,,,,,,,,,,,,,
,,,,,,,,,,,,,,,,,,,,,,,,,,,,,,,,,,,,,,,,,,,,,,,,,,,,,,,,,,,,
,,,,,,,,,,,,,,,,,,,,,,,,,,,,,,,,,,,,,,,,,,,,,,,,,,,,,,,,,,,,
,,,,,,,,,,,,,,,,,,,,,,,,,,,,,,,,,,,,,,,,,,,,,,,,,,,,,,,,,,,,
,,,,,,,,,,,,,,,,,,,,,,,,,,,,,,,,,,,,,,,,,,,,,,,,,,,,,,,,,,,,
,,,,,,,,,,,,,,,,,,,,,,,,,,,,,,,,,,,,,,,,,,,,,,,,,,,,,,,,,,,,
,,,,,,,,,,,,,,,,,,,,,,,,,,,,,,,,,,,,,,,,,,,,,,,,,,,,,,,,,,,,
,,,,,,,,,,,,,,,,,,,,,,,,,,,,,,,,,,,,,,,,,,,,,,,,,,,,,,,,,,,,
,,,,,,,,,,,,,,,,,,,,,,,,,,,,,,,,,,,,,,,,,,,,,,,,,,,,,,,,,,,,
,,,,,,,,,,,,,,,,,,,,,,,,,,,,,,,,,,,,,,,,,,,,,,,,,,,,,,,,,,,,
,,,,,,,,,,,,,,,,,,,,,,,,,,,,,,,,,,,,,,,,,,,,,,,,,,,,,,,,,,,,
,,,,,,,,,,,,,,,,,,,,,,,,,,,,,,,,,,,,,,,,,,,,,,,,,,,,,,,,,,,,
,,,,,,,,,,,,,,,,,,,,,,,,,,,,,,,,,,,,,,,,,,,,,,,,,,,,,,,,,,,,
,,,,,,,,,,,,,,,,,,,,,,,,,,,,,,,,,,,,,,,,,,,,,,,,,,,,,,,,,,,,
,,,,,,,,,,,,,,,,,,,,,,,,,,,,,,,,,,,,,,,,,,,,,,,,,,,,,,,,,,,,
,,,,,,,,,,,,,,,,,,,,,,,,,,,,,,,,,,,,,,,,,,,,,,,,,,,,,,,,,,,,
,,,,,,,,,,,,,,,,,,,,,,,,,,,,,,,,,,,,,,,,,,,,,,,,,,,,,,,,,,,,
,,,,,,,,,,,,,,,,,,,,,,,,,,,,,,,,,,,,,,,,,,,,,,,,,,,,,,,,,,,,
,,,,,,,,,,,,,,,,,,,,,,,,,,,,,,,,,,,,,,,,,,,,,,,,,,,,,,,,,,,,
,,,,,,,,,,,,,,,,,,,,,,,,,,,,,,,,,,,,,,,,,,,,,,,,,,,,,,,,,,,,
,,,,,,,,,,,,,,,,,,,,,,,,,,,,,,,,,,,,,,,,,,,,,,,,,,,,,,,,,,,,
,,,,,,,,,,,,,,,,,,,,,,,,,,,,,,,,,,,,,,,,,,,,,,,,,,,,,,,,,,,,
,,,,,,,,,,,,,,,,,,,,,,,,,,,,,,,,,,,,,,,,,,,,,,,,,,,,,,,,,,,,
,,,,,,,,,,,,,,,,,,,,,,,,,,,,,,,,,,,,,,,,,,,,,,,,,,,,,,,,,,,,
,,,,,,,,,,,,,,,,,,,,,,,,,,,,,,,,,,,,,,,,,,,,,,,,,,,,,,,,,,,,
,,,,,,,,,,,,,,,,,,,,,,,,,,,,,,,,,,,,,,,,,,,,,,,,,,,,,,,,,,,,
,,,,,,,,,,,,,,,,,,,,,,,,,,,,,,,,,,,,,,,,,,,,,,,,,,,,,,,,,,,,
,,,,,,,,,,,,,,,,,,,,,,,,,,,,,,,,,,,,,,,,,,,,,,,,,,,,,,,,,,,,
,,,,,,,,,,,,,,,,,,,,,,,,,,,,,,,,,,,,,,,,,,,,,,,,,,,,,,,,,,,,
,,,,,,,,,,,,,,,,,,,,,,,,,,,,,,,,,,,,,,,,,,,,,,,,,,,,,,,,,,,,
,,,,,,,,,,,,,,,,,,,,,,,,,,,,,,,,,,,,,,,,,,,,,,,,,,,,,,,,,,,,
,,,,,,,,,,,,,,,,,,,,,,,,,,,,,,,,,,,,,,,,,,,,,,,,,,,,,,,,,,,,
,,,,,,,,,,,,,,,,,,,,,,,,,,,,,,,,,,,,,,,,,,,,,,,,,,,,,,,,,,,,
,,,,,,,,,,,,,,,,,,,,,,,,,,,,,,,,,,,,,,,,,,,,,,,,,,,,,,,,,,,,
,,,,,,,,,,,,,,,,,,,,,,,,,,,,,,,,,,,,,,,,,,,,,,,,,,,,,,,,,,,,
,,,,,,,,,,,,,,,,,,,,,,,,,,,,,,,,,,,,,,,,,,,,,,,,,,,,,,,,,,,,
,,,,,,,,,,,,,,,,,,,,,,,,,,,,,,,,,,,,,,,,,,,,,,,,,,,,,,,,,,,,
,,,,,,,,,,,,,,,,,,,,,,,,,,,,,,,,,,,,,,,,,,,,,,,,,,,,,,,,,,,,
,,,,,,,,,,,,,,,,,,,,,,,,,,,,,,,,,,,,,,,,,,,,,,,,,,,,,,,,,,,,
,,,,,,,,,,,,,,,,,,,,,,,,,,,,,,,,,,,,,,,,,,,,,,,,,,,,,,,,,,,,
,,,,,,,,,,,,,,,,,,,,,,,,,,,,,,,,,,,,,,,,,,,,,,,,,,,,,,,,,,,,
,,,,,,,,,,,,,,,,,,,,,,,,,,,,,,,,,,,,,,,,,,,,,,,,,,,,,,,,,,,,
,,,,,,,,,,,,,,,,,,,,,,,,,,,,,,,,,,,,,,,,,,,,,,,,,,,,,,,,,,,,
,,,,,,,,,,,,,,,,,,,,,,,,,,,,,,,,,,,,,,,,,,,,,,,,,,,,,,,,,,,,
,,,,,,,,,,,,,,,,,,,,,,,,,,,,,,,,,,,,,,,,,,,,,,,,,,,,,,,,,,,,
,,,,,,,,,,,,,,,,,,,,,,,,,,,,,,,,,,,,,,,,,,,,,,,,,,,,,,,,,,,,
,,,,,,,,,,,,,,,,,,,,,,,,,,,,,,,,,,,,,,,,,,,,,,,,,,,,,,,,,,,,
,,,,,,,,,,,,,,,,,,,,,,,,,,,,,,,,,,,,,,,,,,,,,,,,,,,,,,,,,,,,
,,,,,,,,,,,,,,,,,,,,,,,,,,,,,,,,,,,,,,,,,,,,,,,,,,,,,,,,,,,,
,,,,,,,,,,,,,,,,,,,,,,,,,,,,,,,,,,,,,,,,,,,,,,,,,,,,,,,,,,,,
,,,,,,,,,,,,,,,,,,,,,,,,,,,,,,,,,,,,,,,,,,,,,,,,,,,,,,,,,,,,
,,,,,,,,,,,,,,,,,,,,,,,,,,,,,,,,,,,,,,,,,,,,,,,,,,,,,,,,,,,,
,,,,,,,,,,,,,,,,,,,,,,,,,,,,,,,,,,,,,,,,,,,,,,,,,,,,,,,,,,,,
,,,,,,,,,,,,,,,,,,,,,,,,,,,,,,,,,,,,,,,,,,,,,,,,,,,,,,,,,,,,
,,,,,,,,,,,,,,,,,,,,,,,,,,,,,,,,,,,,,,,,,,,,,,,,,,,,,,,,,,,,
,,,,,,,,,,,,,,,,,,,,,,,,,,,,,,,,,,,,,,,,,,,,,,,,,,,,,,,,,,,,
,,,,,,,,,,,,,,,,,,,,,,,,,,,,,,,,,,,,,,,,,,,,,,,,,,,,,,,,,,,,
,,,,,,,,,,,,,,,,,,,,,,,,,,,,,,,,,,,,,,,,,,,,,,,,,,,,,,,,,,,,
,,,,,,,,,,,,,,,,,,,,,,,,,,,,,,,,,,,,,,,,,,,,,,,,,,,,,,,,,,,,
,,,,,,,,,,,,,,,,,,,,,,,,,,,,,,,,,,,,,,,,,,,,,,,,,,,,,,,,,,,,
,,,,,,,,,,,,,,,,,,,,,,,,,,,,,,,,,,,,,,,,,,,,,,,,,,,,,,,,,,,,
,,,,,,,,,,,,,,,,,,,,,,,,,,,,,,,,,,,,,,,,,,,,,,,,,,,,,,,,,,,,
,,,,,,,,,,,,,,,,,,,,,,,,,,,,,,,,,,,,,,,,,,,,,,,,,,,,,,,,,,,,
,,,,,,,,,,,,,,,,,,,,,,,,,,,,,,,,,,,,,,,,,,,,,,,,,,,,,,,,,,,,
,,,,,,,,,,,,,,,,,,,,,,,,,,,,,,,,,,,,,,,,,,,,,,,,,,,,,,,,,,,,
,,,,,,,,,,,,,,,,,,,,,,,,,,,,,,,,,,,,,,,,,,,,,,,,,,,,,,,,,,,,
,,,,,,,,,,,,,,,,,,,,,,,,,,,,,,,,,,,,,,,,,,,,,,,,,,,,,,,,,,,,
,,,,,,,,,,,,,,,,,,,,,,,,,,,,,,,,,,,,,,,,,,,,,,,,,,,,,,,,,,,,
,,,,,,,,,,,,,,,,,,,,,,,,,,,,,,,,,,,,,,,,,,,,,,,,,,,,,,,,,,,,
,,,,,,,,,,,,,,,,,,,,,,,,,,,,,,,,,,,,,,,,,,,,,,,,,,,,,,,,,,,,
,,,,,,,,,,,,,,,,,,,,,,,,,,,,,,,,,,,,,,,,,,,,,,,,,,,,,,,,,,,,
,,,,,,,,,,,,,,,,,,,,,,,,,,,,,,,,,,,,,,,,,,,,,,,,,,,,,,,,,,,,
,,,,,,,,,,,,,,,,,,,,,,,,,,,,,,,,,,,,,,,,,,,,,,,,,,,,,,,,,,,,
,,,,,,,,,,,,,,,,,,,,,,,,,,,,,,,,,,,,,,,,,,,,,,,,,,,,,,,,,,,,
,,,,,,,,,,,,,,,,,,,,,,,,,,,,,,,,,,,,,,,,,,,,,,,,,,,,,,,,,,,,
,,,,,,,,,,,,,,,,,,,,,,,,,,,,,,,,,,,,,,,,,,,,,,,,,,,,,,,,,,,,
,,,,,,,,,,,,,,,,,,,,,,,,,,,,,,,,,,,,,,,,,,,,,,,,,,,,,,,,,,,,
,,,,,,,,,,,,,,,,,,,,,,,,,,,,,,,,,,,,,,,,,,,,,,,,,,,,,,,,,,,,
,,,,,,,,,,,,,,,,,,,,,,,,,,,,,,,,,,,,,,,,,,,,,,,,,,,,,,,,,,,,
,,,,,,,,,,,,,,,,,,,,,,,,,,,,,,,,,,,,,,,,,,,,,,,,,,,,,,,,,,,,
,,,,,,,,,,,,,,,,,,,,,,,,,,,,,,,,,,,,,,,,,,,,,,,,,,,,,,,,,,,,
,,,,,,,,,,,,,,,,,,,,,,,,,,,,,,,,,,,,,,,,,,,,,,,,,,,,,,,,,,,,
,,,,,,,,,,,,,,,,,,,,,,,,,,,,,,,,,,,,,,,,,,,,,,,,,,,,,,,,,,,,
,,,,,,,,,,,,,,,,,,,,,,,,,,,,,,,,,,,,,,,,,,,,,,,,,,,,,,,,,,,,
,,,,,,,,,,,,,,,,,,,,,,,,,,,,,,,,,,,,,,,,,,,,,,,,,,,,,,,,,,,,